scop_benchmark/ver2_08/pdbtr/merged	result/scope_homeo/homeo_result_d1t56a1_0.05_0.tsv	result/homeo_answer.tsv	344850	0	269	PDBTrRosetta	16	4	0	344581	0	269	NaN	0.0000	0.9992	NaN
scop_benchmark/ver2_08/pdbtr/merged	result/scope_homeo/homeo_result_d1t56a1_0.05_2.tsv	result/homeo_answer.tsv	344850	2274	269	PDBTrRosetta	16	4	37	342344	2237	232	0.0163	0.1375	0.9928	0.0291
scop_benchmark/ver2_08/pdbtr/merged	result/scope_homeo/homeo_result_d1t56a1_0.1_0.tsv	result/homeo_answer.tsv	344850	281	269	PDBTrRosetta	16	4	16	344316	265	253	0.0569	0.0595	0.9985	0.0582
scop_benchmark/ver2_08/pdbtr/merged	result/scope_homeo/homeo_result_d1t56a1_0.1_1.tsv	result/homeo_answer.tsv	344850	7816	269	PDBTrRosetta	16	4	43	336808	7773	226	0.0055	0.1599	0.9768	0.0106
scop_benchmark/ver2_08/pdbtr/merged	result/scope_homeo/homeo_result_d1t56a1_0.2_1.tsv	result/homeo_answer.tsv	344850	5519	269	PDBTrRosetta	16	4	43	339105	5476	226	0.0078	0.1599	0.9835	0.0149
scop_benchmark/ver2_08/pdbtr/merged	result/scope_homeo/homeo_result_d1t56a1_0.4_1.tsv	result/homeo_answer.tsv	344850	12387	269	PDBTrRosetta	16	4	35	332229	12352	234	0.0028	0.1301	0.9635	0.0055
scop_benchmark/ver2_08/pdbtr/merged	result/scope_homeo/homeo_result_d1t56a1_0.05_1.tsv	result/homeo_answer.tsv	344850	903	269	PDBTrRosetta	16	4	39	343717	864	230	0.0432	0.1450	0.9968	0.0666
scop_benchmark/ver2_08/pdbtr/merged	result/scope_homeo/homeo_result_d1t56a1_0.1_2.tsv	result/homeo_answer.tsv	344850	1632	269	PDBTrRosetta	16	4	40	342989	1592	229	0.0245	0.1487	0.9947	0.0421
scop_benchmark/ver2_08/pdbtr/merged	result/scope_homeo/homeo_result_d1t56a1_0.2_2.tsv	result/homeo_answer.tsv	344850	1633	269	PDBTrRosetta	16	4	43	342991	1590	226	0.0263	0.1599	0.9947	0.0452
scop_benchmark/ver2_08/pdbtr/merged	result/scope_homeo/homeo_result_d1t56a1_0.2_0.tsv	result/homeo_answer.tsv	344850	688	269	PDBTrRosetta	16	4	31	343924	657	238	0.0451	0.1152	0.9974	0.0648
scop_benchmark/ver2_08/pdbtr/merged	result/scope_homeo/homeo_result_d1ui5a1_0.05_14.tsv	result/homeo_answer.tsv	344850	0	269	PDBTrRosetta	16	4	0	344581	0	269	NaN	0.0000	0.9992	NaN
scop_benchmark/ver2_08/pdbtr/merged	result/scope_homeo/homeo_result_d1t56a1_0.4_2.tsv	result/homeo_answer.tsv	344850	13518	269	PDBTrRosetta	16	4	36	331099	13482	233	0.0027	0.1338	0.9602	0.0052
scop_benchmark/ver2_08/pdbtr/merged	result/scope_homeo/homeo_result_d1ui5a1_0.05_17.tsv	result/homeo_answer.tsv	344850	414	269	PDBTrRosetta	16	4	4	344171	410	265	0.0097	0.0149	0.9980	0.0117
scop_benchmark/ver2_08/pdbtr/merged	result/scope_homeo/homeo_result_d1ui5a1_0.05_13.tsv	result/homeo_answer.tsv	344850	0	269	PDBTrRosetta	16	4	0	344581	0	269	NaN	0.0000	0.9992	NaN
scop_benchmark/ver2_08/pdbtr/merged	result/scope_homeo/homeo_result_d1ui5a1_0.05_2.tsv	result/homeo_answer.tsv	344850	47	269	PDBTrRosetta	16	4	2	344536	45	267	0.0426	0.0074	0.9991	0.0127
scop_benchmark/ver2_08/pdbtr/merged	result/scope_homeo/homeo_result_d1ui5a1_0.05_1.tsv	result/homeo_answer.tsv	344850	0	269	PDBTrRosetta	16	4	0	344581	0	269	NaN	0.0000	0.9992	NaN
scop_benchmark/ver2_08/pdbtr/merged	result/scope_homeo/homeo_result_d1ui5a1_0.05_18.tsv	result/homeo_answer.tsv	344850	971	269	PDBTrRosetta	16	4	1	343611	970	268	0.0010	0.0037	0.9964	0.0016
scop_benchmark/ver2_08/pdbtr/merged	result/scope_homeo/homeo_result_d1ui5a1_0.05_16.tsv	result/homeo_answer.tsv	344850	1145	269	PDBTrRosetta	16	4	2	343438	1143	267	0.0017	0.0074	0.9959	0.0028
scop_benchmark/ver2_08/pdbtr/merged	result/scope_homeo/homeo_result_d1ui5a1_0.05_21.tsv	result/homeo_answer.tsv	344850	10	269	PDBTrRosetta	16	4	1	344572	9	268	0.1000	0.0037	0.9992	0.0072
scop_benchmark/ver2_08/pdbtr/merged	result/scope_homeo/homeo_result_d1t56a1_0.4_0.tsv	result/homeo_answer.tsv	344850	10773	269	PDBTrRosetta	16	4	15	333823	10758	254	0.0014	0.0558	0.9681	0.0027
scop_benchmark/ver2_08/pdbtr/merged	result/scope_homeo/homeo_result_d1ui5a1_0.05_23.tsv	result/homeo_answer.tsv	344850	28	269	PDBTrRosetta	16	4	1	344554	27	268	0.0357	0.0037	0.9991	0.0067
scop_benchmark/ver2_08/pdbtr/merged	result/scope_homeo/homeo_result_d1ui5a1_0.05_0.tsv	result/homeo_answer.tsv	344850	0	269	PDBTrRosetta	16	4	0	344581	0	269	NaN	0.0000	0.9992	NaN
scop_benchmark/ver2_08/pdbtr/merged	result/scope_homeo/homeo_result_d1ui5a1_0.05_24.tsv	result/homeo_answer.tsv	344850	0	269	PDBTrRosetta	16	4	0	344581	0	269	NaN	0.0000	0.9992	NaN
scop_benchmark/ver2_08/pdbtr/merged	result/scope_homeo/homeo_result_d1t56a1_0.6_2.tsv	result/homeo_answer.tsv	344850	13990	269	PDBTrRosetta	16	4	4	330595	13986	265	0.0003	0.0149	0.9587	0.0006
scop_benchmark/ver2_08/pdbtr/merged	result/scope_homeo/homeo_result_d1t56a1_0.6_1.tsv	result/homeo_answer.tsv	344850	9737	269	PDBTrRosetta	16	4	13	334857	9724	256	0.0013	0.0483	0.9711	0.0026
scop_benchmark/ver2_08/pdbtr/merged	result/scope_homeo/homeo_result_d1ui5a1_0.05_11.tsv	result/homeo_answer.tsv	344850	1691	269	PDBTrRosetta	16	4	1	342891	1690	268	0.0006	0.0037	0.9943	0.0010
scop_benchmark/ver2_08/pdbtr/merged	result/scope_homeo/homeo_result_d1ui5a1_0.05_33.tsv	result/homeo_answer.tsv	344850	0	269	PDBTrRosetta	16	4	0	344581	0	269	NaN	0.0000	0.9992	NaN
scop_benchmark/ver2_08/pdbtr/merged	result/scope_homeo/homeo_result_d1t56a1_0.8_1.tsv	result/homeo_answer.tsv	344850	17357	269	PDBTrRosetta	16	4	18	327242	17339	251	0.0010	0.0669	0.9490	0.0020
scop_benchmark/ver2_08/pdbtr/merged	result/scope_homeo/homeo_result_d1ui5a1_0.05_22.tsv	result/homeo_answer.tsv	344850	44	269	PDBTrRosetta	16	4	2	344539	42	267	0.0455	0.0074	0.9991	0.0128
scop_benchmark/ver2_08/pdbtr/merged	result/scope_homeo/homeo_result_d1ui5a1_0.05_12.tsv	result/homeo_answer.tsv	344850	4813	269	PDBTrRosetta	16	4	4	339772	4809	265	0.0008	0.0149	0.9853	0.0016
scop_benchmark/ver2_08/pdbtr/merged	result/scope_homeo/homeo_result_d1ui5a1_0.05_10.tsv	result/homeo_answer.tsv	344850	509	269	PDBTrRosetta	16	4	4	344076	505	265	0.0079	0.0149	0.9978	0.0103
scop_benchmark/ver2_08/pdbtr/merged	result/scope_homeo/homeo_result_d1ui5a1_0.05_29.tsv	result/homeo_answer.tsv	344850	44	269	PDBTrRosetta	16	4	38	344575	6	231	0.8636	0.1413	0.9993	0.2428
scop_benchmark/ver2_08/pdbtr/merged	result/scope_homeo/homeo_result_d1ui5a1_0.05_19.tsv	result/homeo_answer.tsv	344850	205	269	PDBTrRosetta	16	4	3	344379	202	266	0.0146	0.0112	0.9986	0.0127
scop_benchmark/ver2_08/pdbtr/merged	result/scope_homeo/homeo_result_d1ui5a1_0.05_15.tsv	result/homeo_answer.tsv	344850	227	269	PDBTrRosetta	16	4	1	344355	226	268	0.0044	0.0037	0.9986	0.0040
scop_benchmark/ver2_08/pdbtr/merged	result/scope_homeo/homeo_result_d1t56a1_0.6_0.tsv	result/homeo_answer.tsv	344850	16353	269	PDBTrRosetta	16	4	3	328231	16350	266	0.0002	0.0112	0.9518	0.0004
scop_benchmark/ver2_08/pdbtr/merged	result/scope_homeo/homeo_result_d1t56a1_0.8_0.tsv	result/homeo_answer.tsv	344850	16678	269	PDBTrRosetta	16	4	4	327907	16674	265	0.0002	0.0149	0.9509	0.0005
scop_benchmark/ver2_08/pdbtr/merged	result/scope_homeo/homeo_result_d1ui5a1_0.05_36.tsv	result/homeo_answer.tsv	344850	0	269	PDBTrRosetta	16	4	0	344581	0	269	NaN	0.0000	0.9992	NaN
scop_benchmark/ver2_08/pdbtr/merged	result/scope_homeo/homeo_result_d1ui5a1_0.05_32.tsv	result/homeo_answer.tsv	344850	146	269	PDBTrRosetta	16	4	1	344436	145	268	0.0068	0.0037	0.9988	0.0048
scop_benchmark/ver2_08/pdbtr/merged	result/scope_homeo/homeo_result_d1ui5a1_0.05_20.tsv	result/homeo_answer.tsv	344850	0	269	PDBTrRosetta	16	4	0	344581	0	269	NaN	0.0000	0.9992	NaN
scop_benchmark/ver2_08/pdbtr/merged	result/scope_homeo/homeo_result_d1ui5a1_0.05_26.tsv	result/homeo_answer.tsv	344850	1116	269	PDBTrRosetta	16	4	4	343469	1112	265	0.0036	0.0149	0.9960	0.0058
scop_benchmark/ver2_08/pdbtr/merged	result/scope_homeo/homeo_result_d1ui5a1_0.05_40.tsv	result/homeo_answer.tsv	344850	160	269	PDBTrRosetta	16	4	70	344491	90	199	0.4375	0.2602	0.9992	0.3263
scop_benchmark/ver2_08/pdbtr/merged	result/scope_homeo/homeo_result_d1ui5a1_0.05_25.tsv	result/homeo_answer.tsv	344850	240	269	PDBTrRosetta	16	4	0	344341	240	269	0.0000	0.0000	0.9985	NaN
scop_benchmark/ver2_08/pdbtr/merged	result/scope_homeo/homeo_result_d1t56a1_0.8_2.tsv	result/homeo_answer.tsv	344850	17862	269	PDBTrRosetta	16	4	12	326731	17850	257	0.0007	0.0446	0.9475	0.0013
scop_benchmark/ver2_08/pdbtr/merged	result/scope_homeo/homeo_result_d1ui5a1_0.05_27.tsv	result/homeo_answer.tsv	344850	0	269	PDBTrRosetta	16	4	0	344581	0	269	NaN	0.0000	0.9992	NaN
scop_benchmark/ver2_08/pdbtr/merged	result/scope_homeo/homeo_result_d1ui5a1_0.05_37.tsv	result/homeo_answer.tsv	344850	2721	269	PDBTrRosetta	16	4	6	341866	2715	263	0.0022	0.0223	0.9914	0.0040
scop_benchmark/ver2_08/pdbtr/merged	result/scope_homeo/homeo_result_d1ui5a1_0.05_28.tsv	result/homeo_answer.tsv	344850	281	269	PDBTrRosetta	16	4	4	344304	277	265	0.0142	0.0149	0.9984	0.0145
scop_benchmark/ver2_08/pdbtr/merged	result/scope_homeo/homeo_result_d1ui5a1_0.05_41.tsv	result/homeo_answer.tsv	344850	0	269	PDBTrRosetta	16	4	0	344581	0	269	NaN	0.0000	0.9992	NaN
scop_benchmark/ver2_08/pdbtr/merged	result/scope_homeo/homeo_result_d1ui5a1_0.05_3.tsv	result/homeo_answer.tsv	344850	0	269	PDBTrRosetta	16	4	0	344581	0	269	NaN	0.0000	0.9992	NaN
scop_benchmark/ver2_08/pdbtr/merged	result/scope_homeo/homeo_result_d1ui5a1_0.05_31.tsv	result/homeo_answer.tsv	344850	0	269	PDBTrRosetta	16	4	0	344581	0	269	NaN	0.0000	0.9992	NaN
scop_benchmark/ver2_08/pdbtr/merged	result/scope_homeo/homeo_result_d1ui5a1_0.05_46.tsv	result/homeo_answer.tsv	344850	30	269	PDBTrRosetta	16	4	3	344554	27	266	0.1000	0.0112	0.9992	0.0201
scop_benchmark/ver2_08/pdbtr/merged	result/scope_homeo/homeo_result_d1ui5a1_0.05_42.tsv	result/homeo_answer.tsv	344850	243	269	PDBTrRosetta	16	4	41	344379	202	228	0.1687	0.1524	0.9988	0.1602
scop_benchmark/ver2_08/pdbtr/merged	result/scope_homeo/homeo_result_d1ui5a1_0.05_30.tsv	result/homeo_answer.tsv	344850	99	269	PDBTrRosetta	16	4	2	344484	97	267	0.0202	0.0074	0.9989	0.0109
scop_benchmark/ver2_08/pdbtr/merged	result/scope_homeo/homeo_result_d1ui5a1_0.05_38.tsv	result/homeo_answer.tsv	344850	859	269	PDBTrRosetta	16	4	2	343724	857	267	0.0023	0.0074	0.9967	0.0035
scop_benchmark/ver2_08/pdbtr/merged	result/scope_homeo/homeo_result_d1ui5a1_0.05_39.tsv	result/homeo_answer.tsv	344850	0	269	PDBTrRosetta	16	4	0	344581	0	269	NaN	0.0000	0.9992	NaN
scop_benchmark/ver2_08/pdbtr/merged	result/scope_homeo/homeo_result_d1ui5a1_0.05_35.tsv	result/homeo_answer.tsv	344850	190	269	PDBTrRosetta	16	4	1	344392	189	268	0.0053	0.0037	0.9987	0.0044
scop_benchmark/ver2_08/pdbtr/merged	result/scope_homeo/homeo_result_d1ui5a1_0.05_47.tsv	result/homeo_answer.tsv	344850	1901	269	PDBTrRosetta	16	4	3	342683	1898	266	0.0016	0.0112	0.9937	0.0028
scop_benchmark/ver2_08/pdbtr/merged	result/scope_homeo/homeo_result_d1ui5a1_0.05_34.tsv	result/homeo_answer.tsv	344850	445	269	PDBTrRosetta	16	4	3	344139	442	266	0.0067	0.0112	0.9979	0.0084
scop_benchmark/ver2_08/pdbtr/merged	result/scope_homeo/homeo_result_d1ui5a1_0.05_45.tsv	result/homeo_answer.tsv	344850	0	269	PDBTrRosetta	16	4	0	344581	0	269	NaN	0.0000	0.9992	NaN
scop_benchmark/ver2_08/pdbtr/merged	result/scope_homeo/homeo_result_d1ui5a1_0.05_7.tsv	result/homeo_answer.tsv	344850	3811	269	PDBTrRosetta	16	4	6	340776	3805	263	0.0016	0.0223	0.9882	0.0029
scop_benchmark/ver2_08/pdbtr/merged	result/scope_homeo/homeo_result_d1ui5a1_0.05_48.tsv	result/homeo_answer.tsv	344850	771	269	PDBTrRosetta	16	4	2	343812	769	267	0.0026	0.0074	0.9970	0.0038
scop_benchmark/ver2_08/pdbtr/merged	result/scope_homeo/homeo_result_d1ui5a1_0.05_4.tsv	result/homeo_answer.tsv	344850	16	269	PDBTrRosetta	16	4	3	344568	13	266	0.1875	0.0112	0.9992	0.0211
scop_benchmark/ver2_08/pdbtr/merged	result/scope_homeo/homeo_result_d1ui5a1_0.05_44.tsv	result/homeo_answer.tsv	344850	264	269	PDBTrRosetta	16	4	2	344319	262	267	0.0076	0.0074	0.9985	0.0075
scop_benchmark/ver2_08/pdbtr/merged	result/scope_homeo/homeo_result_d1ui5a1_0.1_1.tsv	result/homeo_answer.tsv	344850	1341	269	PDBTrRosetta	16	4	3	343243	1338	266	0.0022	0.0112	0.9953	0.0037
scop_benchmark/ver2_08/pdbtr/merged	result/scope_homeo/homeo_result_d1ui5a1_0.05_5.tsv	result/homeo_answer.tsv	344850	0	269	PDBTrRosetta	16	4	0	344581	0	269	NaN	0.0000	0.9992	NaN
scop_benchmark/ver2_08/pdbtr/merged	result/scope_homeo/homeo_result_d1ui5a1_0.05_8.tsv	result/homeo_answer.tsv	344850	0	269	PDBTrRosetta	16	4	0	344581	0	269	NaN	0.0000	0.9992	NaN
scop_benchmark/ver2_08/pdbtr/merged	result/scope_homeo/homeo_result_d1ui5a1_0.05_9.tsv	result/homeo_answer.tsv	344850	0	269	PDBTrRosetta	16	4	0	344581	0	269	NaN	0.0000	0.9992	NaN
scop_benchmark/ver2_08/pdbtr/merged	result/scope_homeo/homeo_result_d1ui5a1_0.05_43.tsv	result/homeo_answer.tsv	344850	19	269	PDBTrRosetta	16	4	2	344564	17	267	0.1053	0.0074	0.9992	0.0139
scop_benchmark/ver2_08/pdbtr/merged	result/scope_homeo/homeo_result_d1ui5a1_0.05_6.tsv	result/homeo_answer.tsv	344850	1054	269	PDBTrRosetta	16	4	1	343528	1053	268	0.0009	0.0037	0.9962	0.0015
scop_benchmark/ver2_08/pdbtr/merged	result/scope_homeo/homeo_result_d1ui5a1_0.05_49.tsv	result/homeo_answer.tsv	344850	868	269	PDBTrRosetta	16	4	1	343714	867	268	0.0012	0.0037	0.9967	0.0018
scop_benchmark/ver2_08/pdbtr/merged	result/scope_homeo/homeo_result_d1ui5a1_0.1_13.tsv	result/homeo_answer.tsv	344850	229	269	PDBTrRosetta	16	4	0	344352	229	269	0.0000	0.0000	0.9986	NaN
scop_benchmark/ver2_08/pdbtr/merged	result/scope_homeo/homeo_result_d1ui5a1_0.1_22.tsv	result/homeo_answer.tsv	344850	1870	269	PDBTrRosetta	16	4	4	342715	1866	265	0.0021	0.0149	0.9938	0.0037
scop_benchmark/ver2_08/pdbtr/merged	result/scope_homeo/homeo_result_d1ui5a1_0.1_16.tsv	result/homeo_answer.tsv	344850	795	269	PDBTrRosetta	16	4	4	343790	791	265	0.0050	0.0149	0.9969	0.0075
scop_benchmark/ver2_08/pdbtr/merged	result/scope_homeo/homeo_result_d1ui5a1_0.1_17.tsv	result/homeo_answer.tsv	344850	345	269	PDBTrRosetta	16	4	4	344240	341	265	0.0116	0.0149	0.9982	0.0130
scop_benchmark/ver2_08/pdbtr/merged	result/scope_homeo/homeo_result_d1ui5a1_0.1_11.tsv	result/homeo_answer.tsv	344850	194	269	PDBTrRosetta	16	4	3	344390	191	266	0.0155	0.0112	0.9987	0.0130
scop_benchmark/ver2_08/pdbtr/merged	result/scope_homeo/homeo_result_d1ui5a1_0.1_0.tsv	result/homeo_answer.tsv	344850	354	269	PDBTrRosetta	16	4	3	344230	351	266	0.0085	0.0112	0.9982	0.0096
scop_benchmark/ver2_08/pdbtr/merged	result/scope_homeo/homeo_result_d1ui5a1_0.1_10.tsv	result/homeo_answer.tsv	344850	1801	269	PDBTrRosetta	16	4	4	342784	1797	265	0.0022	0.0149	0.9940	0.0039
scop_benchmark/ver2_08/pdbtr/merged	result/scope_homeo/homeo_result_d1ui5a1_0.1_18.tsv	result/homeo_answer.tsv	344850	1735	269	PDBTrRosetta	16	4	5	342851	1730	264	0.0029	0.0186	0.9942	0.0050
scop_benchmark/ver2_08/pdbtr/merged	result/scope_homeo/homeo_result_d1ui5a1_0.1_14.tsv	result/homeo_answer.tsv	344850	762	269	PDBTrRosetta	16	4	4	343823	758	265	0.0052	0.0149	0.9970	0.0078
scop_benchmark/ver2_08/pdbtr/merged	result/scope_homeo/homeo_result_d1ui5a1_0.1_12.tsv	result/homeo_answer.tsv	344850	98	269	PDBTrRosetta	16	4	4	344487	94	265	0.0408	0.0149	0.9990	0.0218
scop_benchmark/ver2_08/pdbtr/merged	result/scope_homeo/homeo_result_d1ui5a1_0.1_19.tsv	result/homeo_answer.tsv	344850	31	269	PDBTrRosetta	16	4	2	344552	29	267	0.0645	0.0074	0.9991	0.0133
scop_benchmark/ver2_08/pdbtr/merged	result/scope_homeo/homeo_result_d1ui5a1_0.1_24.tsv	result/homeo_answer.tsv	344850	726	269	PDBTrRosetta	16	4	2	343857	724	267	0.0028	0.0074	0.9971	0.0040
scop_benchmark/ver2_08/pdbtr/merged	result/scope_homeo/homeo_result_d1ui5a1_0.1_15.tsv	result/homeo_answer.tsv	344850	753	269	PDBTrRosetta	16	4	4	343832	749	265	0.0053	0.0149	0.9971	0.0078
scop_benchmark/ver2_08/pdbtr/merged	result/scope_homeo/homeo_result_d1ui5a1_0.1_23.tsv	result/homeo_answer.tsv	344850	913	269	PDBTrRosetta	16	4	4	343672	909	265	0.0044	0.0149	0.9966	0.0068
scop_benchmark/ver2_08/pdbtr/merged	result/scope_homeo/homeo_result_d1ui5a1_0.1_35.tsv	result/homeo_answer.tsv	344850	135	269	PDBTrRosetta	16	4	3	344449	132	266	0.0222	0.0112	0.9988	0.0149
scop_benchmark/ver2_08/pdbtr/merged	result/scope_homeo/homeo_result_d1ui5a1_0.1_31.tsv	result/homeo_answer.tsv	344850	6	269	PDBTrRosetta	16	4	4	344579	2	265	0.6667	0.0149	0.9992	0.0291
scop_benchmark/ver2_08/pdbtr/merged	result/scope_homeo/homeo_result_d1ui5a1_0.1_28.tsv	result/homeo_answer.tsv	344850	923	269	PDBTrRosetta	16	4	4	343662	919	265	0.0043	0.0149	0.9966	0.0067
scop_benchmark/ver2_08/pdbtr/merged	result/scope_homeo/homeo_result_d1ui5a1_0.1_21.tsv	result/homeo_answer.tsv	344850	250	269	PDBTrRosetta	16	4	4	344335	246	265	0.0160	0.0149	0.9985	0.0154
scop_benchmark/ver2_08/pdbtr/merged	result/scope_homeo/homeo_result_d1ui5a1_0.1_20.tsv	result/homeo_answer.tsv	344850	499	269	PDBTrRosetta	16	4	4	344086	495	265	0.0080	0.0149	0.9978	0.0104
scop_benchmark/ver2_08/pdbtr/merged	result/scope_homeo/homeo_result_d1ui5a1_0.1_25.tsv	result/homeo_answer.tsv	344850	348	269	PDBTrRosetta	16	4	0	344233	348	269	0.0000	0.0000	0.9982	NaN
scop_benchmark/ver2_08/pdbtr/merged	result/scope_homeo/homeo_result_d1ui5a1_0.1_3.tsv	result/homeo_answer.tsv	344850	918	269	PDBTrRosetta	16	4	4	343667	914	265	0.0044	0.0149	0.9966	0.0067
scop_benchmark/ver2_08/pdbtr/merged	result/scope_homeo/homeo_result_d1ui5a1_0.1_26.tsv	result/homeo_answer.tsv	344850	779	269	PDBTrRosetta	16	4	2	343804	777	267	0.0026	0.0074	0.9970	0.0038
scop_benchmark/ver2_08/pdbtr/merged	result/scope_homeo/homeo_result_d1ui5a1_0.1_2.tsv	result/homeo_answer.tsv	344850	7152	269	PDBTrRosetta	16	4	6	337435	7146	263	0.0008	0.0223	0.9785	0.0016
scop_benchmark/ver2_08/pdbtr/merged	result/scope_homeo/homeo_result_d1ui5a1_0.1_29.tsv	result/homeo_answer.tsv	344850	515	269	PDBTrRosetta	16	4	2	344068	513	267	0.0039	0.0074	0.9977	0.0051
scop_benchmark/ver2_08/pdbtr/merged	result/scope_homeo/homeo_result_d1ui5a1_0.1_4.tsv	result/homeo_answer.tsv	344850	592	269	PDBTrRosetta	16	4	4	343993	588	265	0.0068	0.0149	0.9975	0.0093
scop_benchmark/ver2_08/pdbtr/merged	result/scope_homeo/homeo_result_d1ui5a1_0.1_27.tsv	result/homeo_answer.tsv	344850	163	269	PDBTrRosetta	16	4	4	344422	159	265	0.0245	0.0149	0.9988	0.0185
scop_benchmark/ver2_08/pdbtr/merged	result/scope_homeo/homeo_result_d1ui5a1_0.1_36.tsv	result/homeo_answer.tsv	344850	744	269	PDBTrRosetta	16	4	4	343841	740	265	0.0054	0.0149	0.9971	0.0079
scop_benchmark/ver2_08/pdbtr/merged	result/scope_homeo/homeo_result_d1ui5a1_0.1_38.tsv	result/homeo_answer.tsv	344850	1288	269	PDBTrRosetta	16	4	5	343298	1283	264	0.0039	0.0186	0.9955	0.0064
scop_benchmark/ver2_08/pdbtr/merged	result/scope_homeo/homeo_result_d1ui5a1_0.1_34.tsv	result/homeo_answer.tsv	344850	116	269	PDBTrRosetta	16	4	4	344469	112	265	0.0345	0.0149	0.9989	0.0208
scop_benchmark/ver2_08/pdbtr/merged	result/scope_homeo/homeo_result_d1ui5a1_0.1_32.tsv	result/homeo_answer.tsv	344850	5	269	PDBTrRosetta	16	4	2	344578	3	267	0.4000	0.0074	0.9992	0.0146
scop_benchmark/ver2_08/pdbtr/merged	result/scope_homeo/homeo_result_d1ui5a1_0.1_41.tsv	result/homeo_answer.tsv	344850	141	269	PDBTrRosetta	16	4	4	344444	137	265	0.0284	0.0149	0.9988	0.0195
scop_benchmark/ver2_08/pdbtr/merged	result/scope_homeo/homeo_result_d1ui5a1_0.1_30.tsv	result/homeo_answer.tsv	344850	2883	269	PDBTrRosetta	16	4	6	341704	2877	263	0.0021	0.0223	0.9909	0.0038
scop_benchmark/ver2_08/pdbtr/merged	result/scope_homeo/homeo_result_d1ui5a1_0.1_48.tsv	result/homeo_answer.tsv	344850	423	269	PDBTrRosetta	16	4	3	344161	420	266	0.0071	0.0112	0.9980	0.0087
scop_benchmark/ver2_08/pdbtr/merged	result/scope_homeo/homeo_result_d1ui5a1_0.1_33.tsv	result/homeo_answer.tsv	344850	174	269	PDBTrRosetta	16	4	4	344411	170	265	0.0230	0.0149	0.9987	0.0181
scop_benchmark/ver2_08/pdbtr/merged	result/scope_homeo/homeo_result_d1ui5a1_0.1_39.tsv	result/homeo_answer.tsv	344850	609	269	PDBTrRosetta	16	4	4	343976	605	265	0.0066	0.0149	0.9975	0.0091
scop_benchmark/ver2_08/pdbtr/merged	result/scope_homeo/homeo_result_d1ui5a1_0.1_37.tsv	result/homeo_answer.tsv	344850	167	269	PDBTrRosetta	16	4	4	344418	163	265	0.0240	0.0149	0.9988	0.0183
scop_benchmark/ver2_08/pdbtr/merged	result/scope_homeo/homeo_result_d1ui5a1_0.1_44.tsv	result/homeo_answer.tsv	344850	1319	269	PDBTrRosetta	16	4	10	343272	1309	259	0.0076	0.0372	0.9955	0.0126
scop_benchmark/ver2_08/pdbtr/merged	result/scope_homeo/homeo_result_d1ui5a1_0.1_42.tsv	result/homeo_answer.tsv	344850	275	269	PDBTrRosetta	16	4	4	344310	271	265	0.0145	0.0149	0.9984	0.0147
scop_benchmark/ver2_08/pdbtr/merged	result/scope_homeo/homeo_result_d1ui5a1_0.1_43.tsv	result/homeo_answer.tsv	344850	22	269	PDBTrRosetta	16	4	2	344561	20	267	0.0909	0.0074	0.9992	0.0137
scop_benchmark/ver2_08/pdbtr/merged	result/scope_homeo/homeo_result_d1ui5a1_0.1_40.tsv	result/homeo_answer.tsv	344850	215	269	PDBTrRosetta	16	4	4	344370	211	265	0.0186	0.0149	0.9986	0.0165
scop_benchmark/ver2_08/pdbtr/merged	result/scope_homeo/homeo_result_d1ui5a1_0.1_8.tsv	result/homeo_answer.tsv	344850	154	269	PDBTrRosetta	16	4	4	344431	150	265	0.0260	0.0149	0.9988	0.0189
scop_benchmark/ver2_08/pdbtr/merged	result/scope_homeo/homeo_result_d1ui5a1_0.1_5.tsv	result/homeo_answer.tsv	344850	2428	269	PDBTrRosetta	16	4	6	342159	2422	263	0.0025	0.0223	0.9922	0.0044
scop_benchmark/ver2_08/pdbtr/merged	result/scope_homeo/homeo_result_d1ui5a1_0.1_47.tsv	result/homeo_answer.tsv	344850	632	269	PDBTrRosetta	16	4	31	343980	601	238	0.0491	0.1152	0.9976	0.0688
scop_benchmark/ver2_08/pdbtr/merged	result/scope_homeo/homeo_result_d1ui5a1_0.1_46.tsv	result/homeo_answer.tsv	344850	387	269	PDBTrRosetta	16	4	4	344198	383	265	0.0103	0.0149	0.9981	0.0122
scop_benchmark/ver2_08/pdbtr/merged	result/scope_homeo/homeo_result_d1ui5a1_0.1_6.tsv	result/homeo_answer.tsv	344850	45	269	PDBTrRosetta	16	4	2	344538	43	267	0.0444	0.0074	0.9991	0.0127
scop_benchmark/ver2_08/pdbtr/merged	result/scope_homeo/homeo_result_d1ui5a1_0.1_7.tsv	result/homeo_answer.tsv	344850	449	269	PDBTrRosetta	16	4	62	344194	387	207	0.1381	0.2305	0.9983	0.1727
scop_benchmark/ver2_08/pdbtr/merged	result/scope_homeo/homeo_result_d1ui5a1_0.1_9.tsv	result/homeo_answer.tsv	344850	3819	269	PDBTrRosetta	16	4	8	340770	3811	261	0.0021	0.0297	0.9882	0.0039
scop_benchmark/ver2_08/pdbtr/merged	result/scope_homeo/homeo_result_d1ui5a1_0.2_1.tsv	result/homeo_answer.tsv	344850	1287	269	PDBTrRosetta	16	4	4	343298	1283	265	0.0031	0.0149	0.9955	0.0051
scop_benchmark/ver2_08/pdbtr/merged	result/scope_homeo/homeo_result_d1ui5a1_0.1_45.tsv	result/homeo_answer.tsv	344850	5082	269	PDBTrRosetta	16	4	4	339503	5078	265	0.0008	0.0149	0.9845	0.0015
scop_benchmark/ver2_08/pdbtr/merged	result/scope_homeo/homeo_result_d1ui5a1_0.1_49.tsv	result/homeo_answer.tsv	344850	5427	269	PDBTrRosetta	16	4	4	339158	5423	265	0.0007	0.0149	0.9835	0.0014
scop_benchmark/ver2_08/pdbtr/merged	result/scope_homeo/homeo_result_d1ui5a1_0.2_11.tsv	result/homeo_answer.tsv	344850	1954	269	PDBTrRosetta	16	4	4	342631	1950	265	0.0020	0.0149	0.9936	0.0036
scop_benchmark/ver2_08/pdbtr/merged	result/scope_homeo/homeo_result_d1ui5a1_0.2_13.tsv	result/homeo_answer.tsv	344850	1405	269	PDBTrRosetta	16	4	4	343180	1401	265	0.0028	0.0149	0.9952	0.0048
scop_benchmark/ver2_08/pdbtr/merged	result/scope_homeo/homeo_result_d1ui5a1_0.2_15.tsv	result/homeo_answer.tsv	344850	5815	269	PDBTrRosetta	16	4	4	338770	5811	265	0.0007	0.0149	0.9824	0.0013
scop_benchmark/ver2_08/pdbtr/merged	result/scope_homeo/homeo_result_d1ui5a1_0.2_10.tsv	result/homeo_answer.tsv	344850	2070	269	PDBTrRosetta	16	4	4	342515	2066	265	0.0019	0.0149	0.9932	0.0034
scop_benchmark/ver2_08/pdbtr/merged	result/scope_homeo/homeo_result_d1ui5a1_0.2_0.tsv	result/homeo_answer.tsv	344850	851	269	PDBTrRosetta	16	4	4	343734	847	265	0.0047	0.0149	0.9968	0.0071
scop_benchmark/ver2_08/pdbtr/merged	result/scope_homeo/homeo_result_d1ui5a1_0.2_22.tsv	result/homeo_answer.tsv	344850	1581	269	PDBTrRosetta	16	4	4	343004	1577	265	0.0025	0.0149	0.9947	0.0043
scop_benchmark/ver2_08/pdbtr/merged	result/scope_homeo/homeo_result_d1ui5a1_0.2_25.tsv	result/homeo_answer.tsv	344850	2833	269	PDBTrRosetta	16	4	0	341748	2833	269	0.0000	0.0000	0.9910	NaN
scop_benchmark/ver2_08/pdbtr/merged	result/scope_homeo/homeo_result_d1ui5a1_0.2_23.tsv	result/homeo_answer.tsv	344850	1548	269	PDBTrRosetta	16	4	4	343037	1544	265	0.0026	0.0149	0.9948	0.0044
scop_benchmark/ver2_08/pdbtr/merged	result/scope_homeo/homeo_result_d1ui5a1_0.2_14.tsv	result/homeo_answer.tsv	344850	718	269	PDBTrRosetta	16	4	4	343867	714	265	0.0056	0.0149	0.9972	0.0081
scop_benchmark/ver2_08/pdbtr/merged	result/scope_homeo/homeo_result_d1ui5a1_0.2_12.tsv	result/homeo_answer.tsv	344850	2988	269	PDBTrRosetta	16	4	4	341597	2984	265	0.0013	0.0149	0.9906	0.0025
scop_benchmark/ver2_08/pdbtr/merged	result/scope_homeo/homeo_result_d1ui5a1_0.2_19.tsv	result/homeo_answer.tsv	344850	495	269	PDBTrRosetta	16	4	4	344090	491	265	0.0081	0.0149	0.9978	0.0105
scop_benchmark/ver2_08/pdbtr/merged	result/scope_homeo/homeo_result_d1ui5a1_0.2_21.tsv	result/homeo_answer.tsv	344850	841	269	PDBTrRosetta	16	4	4	343744	837	265	0.0048	0.0149	0.9968	0.0072
scop_benchmark/ver2_08/pdbtr/merged	result/scope_homeo/homeo_result_d1ui5a1_0.2_17.tsv	result/homeo_answer.tsv	344850	135	269	PDBTrRosetta	16	4	4	344450	131	265	0.0296	0.0149	0.9989	0.0198
scop_benchmark/ver2_08/pdbtr/merged	result/scope_homeo/homeo_result_d1ui5a1_0.2_20.tsv	result/homeo_answer.tsv	344850	2736	269	PDBTrRosetta	16	4	4	341849	2732	265	0.0015	0.0149	0.9913	0.0027
scop_benchmark/ver2_08/pdbtr/merged	result/scope_homeo/homeo_result_d1ui5a1_0.2_16.tsv	result/homeo_answer.tsv	344850	7084	269	PDBTrRosetta	16	4	4	337501	7080	265	0.0006	0.0149	0.9787	0.0011
scop_benchmark/ver2_08/pdbtr/merged	result/scope_homeo/homeo_result_d1ui5a1_0.2_26.tsv	result/homeo_answer.tsv	344850	1126	269	PDBTrRosetta	16	4	4	343459	1122	265	0.0036	0.0149	0.9960	0.0057
scop_benchmark/ver2_08/pdbtr/merged	result/scope_homeo/homeo_result_d1ui5a1_0.2_27.tsv	result/homeo_answer.tsv	344850	4663	269	PDBTrRosetta	16	4	4	339922	4659	265	0.0009	0.0149	0.9857	0.0016
scop_benchmark/ver2_08/pdbtr/merged	result/scope_homeo/homeo_result_d1ui5a1_0.2_2.tsv	result/homeo_answer.tsv	344850	969	269	PDBTrRosetta	16	4	4	343616	965	265	0.0041	0.0149	0.9964	0.0065
scop_benchmark/ver2_08/pdbtr/merged	result/scope_homeo/homeo_result_d1ui5a1_0.2_3.tsv	result/homeo_answer.tsv	344850	650	269	PDBTrRosetta	16	4	4	343935	646	265	0.0062	0.0149	0.9974	0.0087
scop_benchmark/ver2_08/pdbtr/merged	result/scope_homeo/homeo_result_d1ui5a1_0.2_33.tsv	result/homeo_answer.tsv	344850	66	269	PDBTrRosetta	16	4	4	344519	62	265	0.0606	0.0149	0.9991	0.0239
scop_benchmark/ver2_08/pdbtr/merged	result/scope_homeo/homeo_result_d1ui5a1_0.2_18.tsv	result/homeo_answer.tsv	344850	6372	269	PDBTrRosetta	16	4	4	338213	6368	265	0.0006	0.0149	0.9808	0.0012
scop_benchmark/ver2_08/pdbtr/merged	result/scope_homeo/homeo_result_d1ui5a1_0.2_24.tsv	result/homeo_answer.tsv	344850	10991	269	PDBTrRosetta	16	4	12	333602	10979	257	0.0011	0.0446	0.9674	0.0021
scop_benchmark/ver2_08/pdbtr/merged	result/scope_homeo/homeo_result_d1ui5a1_0.2_30.tsv	result/homeo_answer.tsv	344850	5334	269	PDBTrRosetta	16	4	4	339251	5330	265	0.0007	0.0149	0.9838	0.0014
scop_benchmark/ver2_08/pdbtr/merged	result/scope_homeo/homeo_result_d1ui5a1_0.2_31.tsv	result/homeo_answer.tsv	344850	337	269	PDBTrRosetta	16	4	4	344248	333	265	0.0119	0.0149	0.9983	0.0132
scop_benchmark/ver2_08/pdbtr/merged	result/scope_homeo/homeo_result_d1ui5a1_0.2_38.tsv	result/homeo_answer.tsv	344850	2061	269	PDBTrRosetta	16	4	4	342524	2057	265	0.0019	0.0149	0.9933	0.0034
scop_benchmark/ver2_08/pdbtr/merged	result/scope_homeo/homeo_result_d1ui5a1_0.2_28.tsv	result/homeo_answer.tsv	344850	216	269	PDBTrRosetta	16	4	4	344369	212	265	0.0185	0.0149	0.9986	0.0165
scop_benchmark/ver2_08/pdbtr/merged	result/scope_homeo/homeo_result_d1ui5a1_0.2_44.tsv	result/homeo_answer.tsv	344850	1144	269	PDBTrRosetta	16	4	4	343441	1140	265	0.0035	0.0149	0.9959	0.0057
scop_benchmark/ver2_08/pdbtr/merged	result/scope_homeo/homeo_result_d1ui5a1_0.2_29.tsv	result/homeo_answer.tsv	344850	4268	269	PDBTrRosetta	16	4	4	340317	4264	265	0.0009	0.0149	0.9869	0.0018
scop_benchmark/ver2_08/pdbtr/merged	result/scope_homeo/homeo_result_d1ui5a1_0.2_42.tsv	result/homeo_answer.tsv	344850	237	269	PDBTrRosetta	16	4	4	344348	233	265	0.0169	0.0149	0.9986	0.0158
scop_benchmark/ver2_08/pdbtr/merged	result/scope_homeo/homeo_result_d1ui5a1_0.2_4.tsv	result/homeo_answer.tsv	344850	375	269	PDBTrRosetta	16	4	4	344210	371	265	0.0107	0.0149	0.9982	0.0124
scop_benchmark/ver2_08/pdbtr/merged	result/scope_homeo/homeo_result_d1ui5a1_0.2_47.tsv	result/homeo_answer.tsv	344850	2205	269	PDBTrRosetta	16	4	4	342380	2201	265	0.0018	0.0149	0.9928	0.0032
scop_benchmark/ver2_08/pdbtr/merged	result/scope_homeo/homeo_result_d1ui5a1_0.2_34.tsv	result/homeo_answer.tsv	344850	2225	269	PDBTrRosetta	16	4	4	342360	2221	265	0.0018	0.0149	0.9928	0.0032
scop_benchmark/ver2_08/pdbtr/merged	result/scope_homeo/homeo_result_d1ui5a1_0.2_36.tsv	result/homeo_answer.tsv	344850	2667	269	PDBTrRosetta	16	4	4	341918	2663	265	0.0015	0.0149	0.9915	0.0027
scop_benchmark/ver2_08/pdbtr/merged	result/scope_homeo/homeo_result_d1ui5a1_0.2_45.tsv	result/homeo_answer.tsv	344850	812	269	PDBTrRosetta	16	4	4	343773	808	265	0.0049	0.0149	0.9969	0.0074
scop_benchmark/ver2_08/pdbtr/merged	result/scope_homeo/homeo_result_d1ui5a1_0.2_7.tsv	result/homeo_answer.tsv	344850	1323	269	PDBTrRosetta	16	4	4	343262	1319	265	0.0030	0.0149	0.9954	0.0050
scop_benchmark/ver2_08/pdbtr/merged	result/scope_homeo/homeo_result_d1ui5a1_0.2_9.tsv	result/homeo_answer.tsv	344850	1188	269	PDBTrRosetta	16	4	4	343397	1184	265	0.0034	0.0149	0.9958	0.0055
scop_benchmark/ver2_08/pdbtr/merged	result/scope_homeo/homeo_result_d1ui5a1_0.2_35.tsv	result/homeo_answer.tsv	344850	4348	269	PDBTrRosetta	16	4	4	340237	4344	265	0.0009	0.0149	0.9866	0.0017
scop_benchmark/ver2_08/pdbtr/merged	result/scope_homeo/homeo_result_d1ui5a1_0.2_32.tsv	result/homeo_answer.tsv	344850	7565	269	PDBTrRosetta	16	4	5	337021	7560	264	0.0007	0.0186	0.9773	0.0013
scop_benchmark/ver2_08/pdbtr/merged	result/scope_homeo/homeo_result_d1ui5a1_0.2_5.tsv	result/homeo_answer.tsv	344850	1883	269	PDBTrRosetta	16	4	4	342702	1879	265	0.0021	0.0149	0.9938	0.0037
scop_benchmark/ver2_08/pdbtr/merged	result/scope_homeo/homeo_result_d1ui5a1_0.2_39.tsv	result/homeo_answer.tsv	344850	345	269	PDBTrRosetta	16	4	4	344240	341	265	0.0116	0.0149	0.9982	0.0130
scop_benchmark/ver2_08/pdbtr/merged	result/scope_homeo/homeo_result_d1ui5a1_0.2_43.tsv	result/homeo_answer.tsv	344850	3405	269	PDBTrRosetta	16	4	4	341180	3401	265	0.0012	0.0149	0.9894	0.0022
scop_benchmark/ver2_08/pdbtr/merged	result/scope_homeo/homeo_result_d1ui5a1_0.2_37.tsv	result/homeo_answer.tsv	344850	967	269	PDBTrRosetta	16	4	4	343618	963	265	0.0041	0.0149	0.9964	0.0065
scop_benchmark/ver2_08/pdbtr/merged	result/scope_homeo/homeo_result_d1ui5a1_0.2_49.tsv	result/homeo_answer.tsv	344850	4311	269	PDBTrRosetta	16	4	4	340274	4307	265	0.0009	0.0149	0.9867	0.0017
scop_benchmark/ver2_08/pdbtr/merged	result/scope_homeo/homeo_result_d1ui5a1_0.2_40.tsv	result/homeo_answer.tsv	344850	815	269	PDBTrRosetta	16	4	4	343770	811	265	0.0049	0.0149	0.9969	0.0074
scop_benchmark/ver2_08/pdbtr/merged	result/scope_homeo/homeo_result_d1ui5a1_0.2_41.tsv	result/homeo_answer.tsv	344850	714	269	PDBTrRosetta	16	4	4	343871	710	265	0.0056	0.0149	0.9972	0.0081
scop_benchmark/ver2_08/pdbtr/merged	result/scope_homeo/homeo_result_d1ui5a1_0.2_46.tsv	result/homeo_answer.tsv	344850	2629	269	PDBTrRosetta	16	4	4	341956	2625	265	0.0015	0.0149	0.9916	0.0028
scop_benchmark/ver2_08/pdbtr/merged	result/scope_homeo/homeo_result_d1ui5a1_0.2_48.tsv	result/homeo_answer.tsv	344850	595	269	PDBTrRosetta	16	4	4	343990	591	265	0.0067	0.0149	0.9975	0.0093
scop_benchmark/ver2_08/pdbtr/merged	result/scope_homeo/homeo_result_d1ui5a1_0.2_8.tsv	result/homeo_answer.tsv	344850	1196	269	PDBTrRosetta	16	4	4	343389	1192	265	0.0033	0.0149	0.9958	0.0055
scop_benchmark/ver2_08/pdbtr/merged	result/scope_homeo/homeo_result_d1ui5a1_0.2_6.tsv	result/homeo_answer.tsv	344850	564	269	PDBTrRosetta	16	4	0	344017	564	269	0.0000	0.0000	0.9976	NaN
scop_benchmark/ver2_08/pdbtr/merged	result/scope_homeo/homeo_result_d1ui5a1_0.4_10.tsv	result/homeo_answer.tsv	344850	14701	269	PDBTrRosetta	16	4	4	329884	14697	265	0.0003	0.0149	0.9566	0.0005
scop_benchmark/ver2_08/pdbtr/merged	result/scope_homeo/homeo_result_d1ui5a1_0.4_11.tsv	result/homeo_answer.tsv	344850	16937	269	PDBTrRosetta	16	4	4	327648	16933	265	0.0002	0.0149	0.9501	0.0005
scop_benchmark/ver2_08/pdbtr/merged	result/scope_homeo/homeo_result_d1ui5a1_0.4_1.tsv	result/homeo_answer.tsv	344850	10435	269	PDBTrRosetta	16	4	4	334150	10431	265	0.0004	0.0149	0.9690	0.0007
scop_benchmark/ver2_08/pdbtr/merged	result/scope_homeo/homeo_result_d1ui5a1_0.4_14.tsv	result/homeo_answer.tsv	344850	8395	269	PDBTrRosetta	16	4	4	336190	8391	265	0.0005	0.0149	0.9749	0.0009
scop_benchmark/ver2_08/pdbtr/merged	result/scope_homeo/homeo_result_d1ui5a1_0.4_23.tsv	result/homeo_answer.tsv	344850	8350	269	PDBTrRosetta	16	4	4	336235	8346	265	0.0005	0.0149	0.9750	0.0009
scop_benchmark/ver2_08/pdbtr/merged	result/scope_homeo/homeo_result_d1ui5a1_0.4_13.tsv	result/homeo_answer.tsv	344850	6598	269	PDBTrRosetta	16	4	6	337989	6592	263	0.0009	0.0223	0.9801	0.0017
scop_benchmark/ver2_08/pdbtr/merged	result/scope_homeo/homeo_result_d1ui5a1_0.4_12.tsv	result/homeo_answer.tsv	344850	12897	269	PDBTrRosetta	16	4	4	331688	12893	265	0.0003	0.0149	0.9618	0.0006
scop_benchmark/ver2_08/pdbtr/merged	result/scope_homeo/homeo_result_d1ui5a1_0.4_20.tsv	result/homeo_answer.tsv	344850	5187	269	PDBTrRosetta	16	4	0	339394	5187	269	0.0000	0.0000	0.9842	NaN
scop_benchmark/ver2_08/pdbtr/merged	result/scope_homeo/homeo_result_d1ui5a1_0.4_19.tsv	result/homeo_answer.tsv	344850	21218	269	PDBTrRosetta	16	4	4	323367	21214	265	0.0002	0.0149	0.9377	0.0004
scop_benchmark/ver2_08/pdbtr/merged	result/scope_homeo/homeo_result_d1ui5a1_0.4_0.tsv	result/homeo_answer.tsv	344850	15261	269	PDBTrRosetta	16	4	4	329324	15257	265	0.0003	0.0149	0.9550	0.0005
scop_benchmark/ver2_08/pdbtr/merged	result/scope_homeo/homeo_result_d1ui5a1_0.4_38.tsv	result/homeo_answer.tsv	344850	6396	269	PDBTrRosetta	16	4	4	338189	6392	265	0.0006	0.0149	0.9807	0.0012
scop_benchmark/ver2_08/pdbtr/merged	result/scope_homeo/homeo_result_d1ui5a1_0.4_17.tsv	result/homeo_answer.tsv	344850	11149	269	PDBTrRosetta	16	4	4	333436	11145	265	0.0004	0.0149	0.9669	0.0007
scop_benchmark/ver2_08/pdbtr/merged	result/scope_homeo/homeo_result_d1ui5a1_0.4_15.tsv	result/homeo_answer.tsv	344850	12512	269	PDBTrRosetta	16	4	4	332073	12508	265	0.0003	0.0149	0.9630	0.0006
scop_benchmark/ver2_08/pdbtr/merged	result/scope_homeo/homeo_result_d1ui5a1_0.4_43.tsv	result/homeo_answer.tsv	344850	12995	269	PDBTrRosetta	16	4	4	331590	12991	265	0.0003	0.0149	0.9616	0.0006
scop_benchmark/ver2_08/pdbtr/merged	result/scope_homeo/homeo_result_d1ui5a1_0.4_18.tsv	result/homeo_answer.tsv	344850	16692	269	PDBTrRosetta	16	4	4	327893	16688	265	0.0002	0.0149	0.9508	0.0005
scop_benchmark/ver2_08/pdbtr/merged	result/scope_homeo/homeo_result_d1ui5a1_0.4_25.tsv	result/homeo_answer.tsv	344850	5861	269	PDBTrRosetta	16	4	0	338720	5861	269	0.0000	0.0000	0.9822	NaN
scop_benchmark/ver2_08/pdbtr/merged	result/scope_homeo/homeo_result_d1ui5a1_0.4_21.tsv	result/homeo_answer.tsv	344850	11975	269	PDBTrRosetta	16	4	5	332611	11970	264	0.0004	0.0186	0.9645	0.0008
scop_benchmark/ver2_08/pdbtr/merged	result/scope_homeo/homeo_result_d1ui5a1_0.4_30.tsv	result/homeo_answer.tsv	344850	25882	269	PDBTrRosetta	16	4	5	318704	25877	264	0.0002	0.0186	0.9242	0.0004
scop_benchmark/ver2_08/pdbtr/merged	result/scope_homeo/homeo_result_d1ui5a1_0.4_42.tsv	result/homeo_answer.tsv	344850	8905	269	PDBTrRosetta	16	4	4	335680	8901	265	0.0004	0.0149	0.9734	0.0009
scop_benchmark/ver2_08/pdbtr/merged	result/scope_homeo/homeo_result_d1ui5a1_0.4_16.tsv	result/homeo_answer.tsv	344850	22498	269	PDBTrRosetta	16	4	4	322087	22494	265	0.0002	0.0149	0.9340	0.0004
scop_benchmark/ver2_08/pdbtr/merged	result/scope_homeo/homeo_result_d1ui5a1_0.4_47.tsv	result/homeo_answer.tsv	344850	5966	269	PDBTrRosetta	16	4	4	338619	5962	265	0.0007	0.0149	0.9819	0.0013
scop_benchmark/ver2_08/pdbtr/merged	result/scope_homeo/homeo_result_d1ui5a1_0.4_2.tsv	result/homeo_answer.tsv	344850	10632	269	PDBTrRosetta	16	4	5	333954	10627	264	0.0005	0.0186	0.9684	0.0009
scop_benchmark/ver2_08/pdbtr/merged	result/scope_homeo/homeo_result_d1ui5a1_0.4_37.tsv	result/homeo_answer.tsv	344850	12200	269	PDBTrRosetta	16	4	4	332385	12196	265	0.0003	0.0149	0.9639	0.0006
scop_benchmark/ver2_08/pdbtr/merged	result/scope_homeo/homeo_result_d1ui5a1_0.4_27.tsv	result/homeo_answer.tsv	344850	14766	269	PDBTrRosetta	16	4	4	329819	14762	265	0.0003	0.0149	0.9564	0.0005
scop_benchmark/ver2_08/pdbtr/merged	result/scope_homeo/homeo_result_d1ui5a1_0.4_48.tsv	result/homeo_answer.tsv	344850	25874	269	PDBTrRosetta	16	4	4	318711	25870	265	0.0002	0.0149	0.9242	0.0003
scop_benchmark/ver2_08/pdbtr/merged	result/scope_homeo/homeo_result_d1ui5a1_0.4_44.tsv	result/homeo_answer.tsv	344850	16260	269	PDBTrRosetta	16	4	4	328325	16256	265	0.0002	0.0149	0.9521	0.0005
scop_benchmark/ver2_08/pdbtr/merged	result/scope_homeo/homeo_result_d1ui5a1_0.4_22.tsv	result/homeo_answer.tsv	344850	4033	269	PDBTrRosetta	16	4	4	340552	4029	265	0.0010	0.0149	0.9875	0.0019
scop_benchmark/ver2_08/pdbtr/merged	result/scope_homeo/homeo_result_d1ui5a1_0.4_36.tsv	result/homeo_answer.tsv	344850	2416	269	PDBTrRosetta	16	4	4	342169	2412	265	0.0017	0.0149	0.9922	0.0030
scop_benchmark/ver2_08/pdbtr/merged	result/scope_homeo/homeo_result_d1ui5a1_0.4_35.tsv	result/homeo_answer.tsv	344850	8573	269	PDBTrRosetta	16	4	4	336012	8569	265	0.0005	0.0149	0.9744	0.0009
scop_benchmark/ver2_08/pdbtr/merged	result/scope_homeo/homeo_result_d1ui5a1_0.4_28.tsv	result/homeo_answer.tsv	344850	4848	269	PDBTrRosetta	16	4	4	339737	4844	265	0.0008	0.0149	0.9852	0.0016
scop_benchmark/ver2_08/pdbtr/merged	result/scope_homeo/homeo_result_d1ui5a1_0.4_7.tsv	result/homeo_answer.tsv	344850	23642	269	PDBTrRosetta	16	4	1	320940	23641	268	0.0000	0.0037	0.9307	0.0001
scop_benchmark/ver2_08/pdbtr/merged	result/scope_homeo/homeo_result_d1ui5a1_0.4_31.tsv	result/homeo_answer.tsv	344850	8929	269	PDBTrRosetta	16	4	5	335657	8924	264	0.0006	0.0186	0.9734	0.0011
scop_benchmark/ver2_08/pdbtr/merged	result/scope_homeo/homeo_result_d1ui5a1_0.4_33.tsv	result/homeo_answer.tsv	344850	10108	269	PDBTrRosetta	16	4	5	334478	10103	264	0.0005	0.0186	0.9699	0.0010
scop_benchmark/ver2_08/pdbtr/merged	result/scope_homeo/homeo_result_d1ui5a1_0.4_24.tsv	result/homeo_answer.tsv	344850	9600	269	PDBTrRosetta	16	4	4	334985	9596	265	0.0004	0.0149	0.9714	0.0008
scop_benchmark/ver2_08/pdbtr/merged	result/scope_homeo/homeo_result_d1ui5a1_0.4_45.tsv	result/homeo_answer.tsv	344850	13240	269	PDBTrRosetta	16	4	4	331345	13236	265	0.0003	0.0149	0.9608	0.0006
scop_benchmark/ver2_08/pdbtr/merged	result/scope_homeo/homeo_result_d1ui5a1_0.4_34.tsv	result/homeo_answer.tsv	344850	11440	269	PDBTrRosetta	16	4	4	333145	11436	265	0.0003	0.0149	0.9661	0.0007
scop_benchmark/ver2_08/pdbtr/merged	result/scope_homeo/homeo_result_d1ui5a1_0.4_40.tsv	result/homeo_answer.tsv	344850	18067	269	PDBTrRosetta	16	4	4	326518	18063	265	0.0002	0.0149	0.9469	0.0004
scop_benchmark/ver2_08/pdbtr/merged	result/scope_homeo/homeo_result_d1ui5a1_0.4_26.tsv	result/homeo_answer.tsv	344850	12640	269	PDBTrRosetta	16	4	4	331945	12636	265	0.0003	0.0149	0.9626	0.0006
scop_benchmark/ver2_08/pdbtr/merged	result/scope_homeo/homeo_result_d1ui5a1_0.4_32.tsv	result/homeo_answer.tsv	344850	13542	269	PDBTrRosetta	16	4	5	331044	13537	264	0.0004	0.0186	0.9600	0.0007
scop_benchmark/ver2_08/pdbtr/merged	result/scope_homeo/homeo_result_d1ui5a1_0.4_46.tsv	result/homeo_answer.tsv	344850	22737	269	PDBTrRosetta	16	4	4	321848	22733	265	0.0002	0.0149	0.9333	0.0003
scop_benchmark/ver2_08/pdbtr/merged	result/scope_homeo/homeo_result_d1ui5a1_0.4_41.tsv	result/homeo_answer.tsv	344850	18223	269	PDBTrRosetta	16	4	4	326362	18219	265	0.0002	0.0149	0.9464	0.0004
scop_benchmark/ver2_08/pdbtr/merged	result/scope_homeo/homeo_result_d1ui5a1_0.4_29.tsv	result/homeo_answer.tsv	344850	14245	269	PDBTrRosetta	16	4	1	330337	14244	268	0.0001	0.0037	0.9579	0.0001
scop_benchmark/ver2_08/pdbtr/merged	result/scope_homeo/homeo_result_d1ui5a1_0.4_39.tsv	result/homeo_answer.tsv	344850	21622	269	PDBTrRosetta	16	4	4	322963	21618	265	0.0002	0.0149	0.9365	0.0004
scop_benchmark/ver2_08/pdbtr/merged	result/scope_homeo/homeo_result_d1ui5a1_0.4_6.tsv	result/homeo_answer.tsv	344850	7990	269	PDBTrRosetta	16	4	0	336591	7990	269	0.0000	0.0000	0.9761	NaN
scop_benchmark/ver2_08/pdbtr/merged	result/scope_homeo/homeo_result_d1ui5a1_0.4_5.tsv	result/homeo_answer.tsv	344850	19052	269	PDBTrRosetta	16	4	4	325533	19048	265	0.0002	0.0149	0.9440	0.0004
scop_benchmark/ver2_08/pdbtr/merged	result/scope_homeo/homeo_result_d1ui5a1_0.6_0.tsv	result/homeo_answer.tsv	344850	9544	269	PDBTrRosetta	16	4	4	335041	9540	265	0.0004	0.0149	0.9716	0.0008
scop_benchmark/ver2_08/pdbtr/merged	result/scope_homeo/homeo_result_d1ui5a1_0.4_9.tsv	result/homeo_answer.tsv	344850	7504	269	PDBTrRosetta	16	4	4	337081	7500	265	0.0005	0.0149	0.9775	0.0010
scop_benchmark/ver2_08/pdbtr/merged	result/scope_homeo/homeo_result_d1ui5a1_0.4_8.tsv	result/homeo_answer.tsv	344850	11407	269	PDBTrRosetta	16	4	5	333179	11402	264	0.0004	0.0186	0.9662	0.0009
scop_benchmark/ver2_08/pdbtr/merged	result/scope_homeo/homeo_result_d1ui5a1_0.6_13.tsv	result/homeo_answer.tsv	344850	20185	269	PDBTrRosetta	16	4	4	324400	20181	265	0.0002	0.0149	0.9407	0.0004
scop_benchmark/ver2_08/pdbtr/merged	result/scope_homeo/homeo_result_d1ui5a1_0.6_24.tsv	result/homeo_answer.tsv	344850	18747	269	PDBTrRosetta	16	4	4	325838	18743	265	0.0002	0.0149	0.9449	0.0004
scop_benchmark/ver2_08/pdbtr/merged	result/scope_homeo/homeo_result_d1ui5a1_0.4_3.tsv	result/homeo_answer.tsv	344850	33497	269	PDBTrRosetta	16	4	7	311091	33490	262	0.0002	0.0260	0.9021	0.0004
scop_benchmark/ver2_08/pdbtr/merged	result/scope_homeo/homeo_result_d1ui5a1_0.4_4.tsv	result/homeo_answer.tsv	344850	28434	269	PDBTrRosetta	16	4	4	316151	28430	265	0.0001	0.0149	0.9168	0.0003
scop_benchmark/ver2_08/pdbtr/merged	result/scope_homeo/homeo_result_d1ui5a1_0.6_25.tsv	result/homeo_answer.tsv	344850	7715	269	PDBTrRosetta	16	4	0	336866	7715	269	0.0000	0.0000	0.9768	NaN
scop_benchmark/ver2_08/pdbtr/merged	result/scope_homeo/homeo_result_d1ui5a1_0.4_49.tsv	result/homeo_answer.tsv	344850	26900	269	PDBTrRosetta	16	4	9	317690	26891	260	0.0003	0.0335	0.9213	0.0007
scop_benchmark/ver2_08/pdbtr/merged	result/scope_homeo/homeo_result_d1ui5a1_0.6_16.tsv	result/homeo_answer.tsv	344850	29192	269	PDBTrRosetta	16	4	4	315393	29188	265	0.0001	0.0149	0.9146	0.0003
scop_benchmark/ver2_08/pdbtr/merged	result/scope_homeo/homeo_result_d1ui5a1_0.6_1.tsv	result/homeo_answer.tsv	344850	12369	269	PDBTrRosetta	16	4	0	332212	12369	269	0.0000	0.0000	0.9634	NaN
scop_benchmark/ver2_08/pdbtr/merged	result/scope_homeo/homeo_result_d1ui5a1_0.6_22.tsv	result/homeo_answer.tsv	344850	21245	269	PDBTrRosetta	16	4	2	323338	21243	267	0.0001	0.0074	0.9376	0.0002
scop_benchmark/ver2_08/pdbtr/merged	result/scope_homeo/homeo_result_d1ui5a1_0.6_10.tsv	result/homeo_answer.tsv	344850	23753	269	PDBTrRosetta	16	4	4	320832	23749	265	0.0002	0.0149	0.9304	0.0003
scop_benchmark/ver2_08/pdbtr/merged	result/scope_homeo/homeo_result_d1ui5a1_0.6_2.tsv	result/homeo_answer.tsv	344850	15515	269	PDBTrRosetta	16	4	4	329070	15511	265	0.0003	0.0149	0.9543	0.0005
scop_benchmark/ver2_08/pdbtr/merged	result/scope_homeo/homeo_result_d1ui5a1_0.6_15.tsv	result/homeo_answer.tsv	344850	28770	269	PDBTrRosetta	16	4	0	315811	28770	269	0.0000	0.0000	0.9158	NaN
scop_benchmark/ver2_08/pdbtr/merged	result/scope_homeo/homeo_result_d1ui5a1_0.6_20.tsv	result/homeo_answer.tsv	344850	19033	269	PDBTrRosetta	16	4	0	325548	19033	269	0.0000	0.0000	0.9440	NaN
scop_benchmark/ver2_08/pdbtr/merged	result/scope_homeo/homeo_result_d1ui5a1_0.6_14.tsv	result/homeo_answer.tsv	344850	44594	269	PDBTrRosetta	16	4	4	299991	44590	265	0.0001	0.0149	0.8699	0.0002
scop_benchmark/ver2_08/pdbtr/merged	result/scope_homeo/homeo_result_d1ui5a1_0.6_21.tsv	result/homeo_answer.tsv	344850	31608	269	PDBTrRosetta	16	4	5	312978	31603	264	0.0002	0.0186	0.9076	0.0003
scop_benchmark/ver2_08/pdbtr/merged	result/scope_homeo/homeo_result_d1ui5a1_0.6_28.tsv	result/homeo_answer.tsv	344850	18733	269	PDBTrRosetta	16	4	5	325853	18728	264	0.0003	0.0186	0.9449	0.0005
scop_benchmark/ver2_08/pdbtr/merged	result/scope_homeo/homeo_result_d1ui5a1_0.6_17.tsv	result/homeo_answer.tsv	344850	34232	269	PDBTrRosetta	16	4	4	310353	34228	265	0.0001	0.0149	0.9000	0.0002
scop_benchmark/ver2_08/pdbtr/merged	result/scope_homeo/homeo_result_d1ui5a1_0.6_18.tsv	result/homeo_answer.tsv	344850	40075	269	PDBTrRosetta	16	4	5	304511	40070	264	0.0001	0.0186	0.8830	0.0002
scop_benchmark/ver2_08/pdbtr/merged	result/scope_homeo/homeo_result_d1ui5a1_0.6_12.tsv	result/homeo_answer.tsv	344850	33666	269	PDBTrRosetta	16	4	4	310919	33662	265	0.0001	0.0149	0.9016	0.0002
scop_benchmark/ver2_08/pdbtr/merged	result/scope_homeo/homeo_result_d1ui5a1_0.6_26.tsv	result/homeo_answer.tsv	344850	22482	269	PDBTrRosetta	16	4	4	322103	22478	265	0.0002	0.0149	0.9340	0.0004
scop_benchmark/ver2_08/pdbtr/merged	result/scope_homeo/homeo_result_d1ui5a1_0.6_35.tsv	result/homeo_answer.tsv	344850	11096	269	PDBTrRosetta	16	4	0	333485	11096	269	0.0000	0.0000	0.9670	NaN
scop_benchmark/ver2_08/pdbtr/merged	result/scope_homeo/homeo_result_d1ui5a1_0.6_11.tsv	result/homeo_answer.tsv	344850	42761	269	PDBTrRosetta	16	4	4	301824	42757	265	0.0001	0.0149	0.8752	0.0002
scop_benchmark/ver2_08/pdbtr/merged	result/scope_homeo/homeo_result_d1ui5a1_0.6_19.tsv	result/homeo_answer.tsv	344850	33081	269	PDBTrRosetta	16	4	4	311504	33077	265	0.0001	0.0149	0.9033	0.0002
scop_benchmark/ver2_08/pdbtr/merged	result/scope_homeo/homeo_result_d1ui5a1_0.8_0.tsv	result/homeo_answer.tsv	344850	14072	269	PDBTrRosetta	16	4	4	330513	14068	265	0.0003	0.0149	0.9584	0.0006
scop_benchmark/ver2_08/pdbtr/merged	result/scope_homeo/homeo_result_d1ui5a1_0.6_27.tsv	result/homeo_answer.tsv	344850	30903	269	PDBTrRosetta	16	4	4	313682	30899	265	0.0001	0.0149	0.9096	0.0003
scop_benchmark/ver2_08/pdbtr/merged	result/scope_homeo/homeo_result_d1ui5a1_0.6_32.tsv	result/homeo_answer.tsv	344850	27009	269	PDBTrRosetta	16	4	6	317578	27003	263	0.0002	0.0223	0.9209	0.0004
scop_benchmark/ver2_08/pdbtr/merged	result/scope_homeo/homeo_result_d1ui5a1_0.6_23.tsv	result/homeo_answer.tsv	344850	34920	269	PDBTrRosetta	16	4	4	309665	34916	265	0.0001	0.0149	0.8980	0.0002
scop_benchmark/ver2_08/pdbtr/merged	result/scope_homeo/homeo_result_d1ui5a1_0.6_31.tsv	result/homeo_answer.tsv	344850	34644	269	PDBTrRosetta	16	4	4	309941	34640	265	0.0001	0.0149	0.8988	0.0002
scop_benchmark/ver2_08/pdbtr/merged	result/scope_homeo/homeo_result_d1ui5a1_0.6_30.tsv	result/homeo_answer.tsv	344850	38028	269	PDBTrRosetta	16	4	4	306557	38024	265	0.0001	0.0149	0.8890	0.0002
scop_benchmark/ver2_08/pdbtr/merged	result/scope_homeo/homeo_result_d1ui5a1_0.6_43.tsv	result/homeo_answer.tsv	344850	15607	269	PDBTrRosetta	16	4	0	328974	15607	269	0.0000	0.0000	0.9540	NaN
scop_benchmark/ver2_08/pdbtr/merged	result/scope_homeo/homeo_result_d1ui5a1_0.6_29.tsv	result/homeo_answer.tsv	344850	35115	269	PDBTrRosetta	16	4	4	309470	35111	265	0.0001	0.0149	0.8974	0.0002
scop_benchmark/ver2_08/pdbtr/merged	result/scope_homeo/homeo_result_d1ui5a1_0.8_1.tsv	result/homeo_answer.tsv	344850	14693	269	PDBTrRosetta	16	4	0	329888	14693	269	0.0000	0.0000	0.9566	NaN
scop_benchmark/ver2_08/pdbtr/merged	result/scope_homeo/homeo_result_d1ui5a1_0.6_37.tsv	result/homeo_answer.tsv	344850	36271	269	PDBTrRosetta	16	4	4	308314	36267	265	0.0001	0.0149	0.8941	0.0002
scop_benchmark/ver2_08/pdbtr/merged	result/scope_homeo/homeo_result_d1ui5a1_0.6_4.tsv	result/homeo_answer.tsv	344850	31120	269	PDBTrRosetta	16	4	4	313465	31116	265	0.0001	0.0149	0.9090	0.0003
scop_benchmark/ver2_08/pdbtr/merged	result/scope_homeo/homeo_result_d1ui5a1_0.6_36.tsv	result/homeo_answer.tsv	344850	33583	269	PDBTrRosetta	16	4	4	311002	33579	265	0.0001	0.0149	0.9019	0.0002
scop_benchmark/ver2_08/pdbtr/merged	result/scope_homeo/homeo_result_d1ui5a1_0.8_12.tsv	result/homeo_answer.tsv	344850	16743	269	PDBTrRosetta	16	4	3	327841	16740	266	0.0002	0.0112	0.9507	0.0004
scop_benchmark/ver2_08/pdbtr/merged	result/scope_homeo/homeo_result_d1ui5a1_0.6_41.tsv	result/homeo_answer.tsv	344850	30643	269	PDBTrRosetta	16	4	4	313942	30639	265	0.0001	0.0149	0.9104	0.0003
scop_benchmark/ver2_08/pdbtr/merged	result/scope_homeo/homeo_result_d1ui5a1_0.6_5.tsv	result/homeo_answer.tsv	344850	32487	269	PDBTrRosetta	16	4	4	312098	32483	265	0.0001	0.0149	0.9050	0.0002
scop_benchmark/ver2_08/pdbtr/merged	result/scope_homeo/homeo_result_d1ui5a1_0.6_48.tsv	result/homeo_answer.tsv	344850	32373	269	PDBTrRosetta	16	4	4	312212	32369	265	0.0001	0.0149	0.9054	0.0002
scop_benchmark/ver2_08/pdbtr/merged	result/scope_homeo/homeo_result_d1ui5a1_0.6_34.tsv	result/homeo_answer.tsv	344850	38405	269	PDBTrRosetta	16	4	4	306180	38401	265	0.0001	0.0149	0.8879	0.0002
scop_benchmark/ver2_08/pdbtr/merged	result/scope_homeo/homeo_result_d1ui5a1_0.6_33.tsv	result/homeo_answer.tsv	344850	47786	269	PDBTrRosetta	16	4	6	296801	47780	263	0.0001	0.0223	0.8607	0.0002
scop_benchmark/ver2_08/pdbtr/merged	result/scope_homeo/homeo_result_d1ui5a1_0.6_39.tsv	result/homeo_answer.tsv	344850	34954	269	PDBTrRosetta	16	4	4	309631	34950	265	0.0001	0.0149	0.8979	0.0002
scop_benchmark/ver2_08/pdbtr/merged	result/scope_homeo/homeo_result_d1ui5a1_0.6_6.tsv	result/homeo_answer.tsv	344850	21347	269	PDBTrRosetta	16	4	0	323234	21347	269	0.0000	0.0000	0.9373	NaN
scop_benchmark/ver2_08/pdbtr/merged	result/scope_homeo/homeo_result_d1ui5a1_0.6_44.tsv	result/homeo_answer.tsv	344850	23566	269	PDBTrRosetta	16	4	5	321020	23561	264	0.0002	0.0186	0.9309	0.0004
scop_benchmark/ver2_08/pdbtr/merged	result/scope_homeo/homeo_result_d1ui5a1_0.6_49.tsv	result/homeo_answer.tsv	344850	36152	269	PDBTrRosetta	16	4	5	308434	36147	264	0.0001	0.0186	0.8944	0.0003
scop_benchmark/ver2_08/pdbtr/merged	result/scope_homeo/homeo_result_d1ui5a1_0.6_47.tsv	result/homeo_answer.tsv	344850	34618	269	PDBTrRosetta	16	4	4	309967	34614	265	0.0001	0.0149	0.8989	0.0002
scop_benchmark/ver2_08/pdbtr/merged	result/scope_homeo/homeo_result_d1ui5a1_0.6_42.tsv	result/homeo_answer.tsv	344850	39852	269	PDBTrRosetta	16	4	4	304733	39848	265	0.0001	0.0149	0.8837	0.0002
scop_benchmark/ver2_08/pdbtr/merged	result/scope_homeo/homeo_result_d1ui5a1_0.8_10.tsv	result/homeo_answer.tsv	344850	13511	269	PDBTrRosetta	16	4	6	331076	13505	263	0.0004	0.0223	0.9601	0.0009
scop_benchmark/ver2_08/pdbtr/merged	result/scope_homeo/homeo_result_d1ui5a1_0.6_7.tsv	result/homeo_answer.tsv	344850	28084	269	PDBTrRosetta	16	4	4	316501	28080	265	0.0001	0.0149	0.9178	0.0003
scop_benchmark/ver2_08/pdbtr/merged	result/scope_homeo/homeo_result_d1ui5a1_0.6_9.tsv	result/homeo_answer.tsv	344850	26620	269	PDBTrRosetta	16	4	0	317961	26620	269	0.0000	0.0000	0.9220	NaN
scop_benchmark/ver2_08/pdbtr/merged	result/scope_homeo/homeo_result_d1ui5a1_0.6_3.tsv	result/homeo_answer.tsv	344850	45034	269	PDBTrRosetta	16	4	4	299551	45030	265	0.0001	0.0149	0.8687	0.0002
scop_benchmark/ver2_08/pdbtr/merged	result/scope_homeo/homeo_result_d1ui5a1_0.6_38.tsv	result/homeo_answer.tsv	344850	47033	269	PDBTrRosetta	16	4	4	297552	47029	265	0.0001	0.0149	0.8629	0.0002
scop_benchmark/ver2_08/pdbtr/merged	result/scope_homeo/homeo_result_d1ui5a1_0.6_45.tsv	result/homeo_answer.tsv	344850	49226	269	PDBTrRosetta	16	4	4	295359	49222	265	0.0001	0.0149	0.8565	0.0002
scop_benchmark/ver2_08/pdbtr/merged	result/scope_homeo/homeo_result_d1ui5a1_0.8_21.tsv	result/homeo_answer.tsv	344850	15737	269	PDBTrRosetta	16	4	0	328844	15737	269	0.0000	0.0000	0.9536	NaN
scop_benchmark/ver2_08/pdbtr/merged	result/scope_homeo/homeo_result_d1ui5a1_0.8_2.tsv	result/homeo_answer.tsv	344850	14630	269	PDBTrRosetta	16	4	5	329956	14625	264	0.0003	0.0186	0.9568	0.0007
scop_benchmark/ver2_08/pdbtr/merged	result/scope_homeo/homeo_result_d1ui5a1_0.6_40.tsv	result/homeo_answer.tsv	344850	61411	269	PDBTrRosetta	16	4	11	283181	61400	258	0.0002	0.0409	0.8212	0.0004
scop_benchmark/ver2_08/pdbtr/merged	result/scope_homeo/homeo_result_d1ui5a1_0.6_8.tsv	result/homeo_answer.tsv	344850	41102	269	PDBTrRosetta	16	4	5	303484	41097	264	0.0001	0.0186	0.8801	0.0002
scop_benchmark/ver2_08/pdbtr/merged	result/scope_homeo/homeo_result_d1ui5a1_0.8_25.tsv	result/homeo_answer.tsv	344850	22162	269	PDBTrRosetta	16	4	0	322419	22162	269	0.0000	0.0000	0.9350	NaN
scop_benchmark/ver2_08/pdbtr/merged	result/scope_homeo/homeo_result_d1ui5a1_0.8_36.tsv	result/homeo_answer.tsv	344850	14665	269	PDBTrRosetta	16	4	2	329918	14663	267	0.0001	0.0074	0.9567	0.0003
scop_benchmark/ver2_08/pdbtr/merged	result/scope_homeo/homeo_result_d1ui5a1_0.8_15.tsv	result/homeo_answer.tsv	344850	33590	269	PDBTrRosetta	16	4	2	310993	33588	267	0.0001	0.0074	0.9018	0.0001
scop_benchmark/ver2_08/pdbtr/merged	result/scope_homeo/homeo_result_d1ui5a1_0.8_28.tsv	result/homeo_answer.tsv	344850	30945	269	PDBTrRosetta	16	4	4	313640	30941	265	0.0001	0.0149	0.9095	0.0003
scop_benchmark/ver2_08/pdbtr/merged	result/scope_homeo/homeo_result_d1ui5a1_0.8_20.tsv	result/homeo_answer.tsv	344850	26211	269	PDBTrRosetta	16	4	1	318371	26210	268	0.0000	0.0037	0.9232	0.0001
scop_benchmark/ver2_08/pdbtr/merged	result/scope_homeo/homeo_result_d1ui5a1_0.8_30.tsv	result/homeo_answer.tsv	344850	12123	269	PDBTrRosetta	16	4	0	332458	12123	269	0.0000	0.0000	0.9641	NaN
scop_benchmark/ver2_08/pdbtr/merged	result/scope_homeo/homeo_result_d1ui5a1_0.8_18.tsv	result/homeo_answer.tsv	344850	31946	269	PDBTrRosetta	16	4	1	312636	31945	268	0.0000	0.0037	0.9066	0.0001
scop_benchmark/ver2_08/pdbtr/merged	result/scope_homeo/homeo_result_d1ui5a1_0.8_29.tsv	result/homeo_answer.tsv	344850	15003	269	PDBTrRosetta	16	4	0	329578	15003	269	0.0000	0.0000	0.9557	NaN
scop_benchmark/ver2_08/pdbtr/merged	result/scope_homeo/homeo_result_d1ui5a1_0.8_19.tsv	result/homeo_answer.tsv	344850	55183	269	PDBTrRosetta	16	4	5	289403	55178	264	0.0001	0.0186	0.8392	0.0002
scop_benchmark/ver2_08/pdbtr/merged	result/scope_homeo/homeo_result_d1ui5a1_0.8_26.tsv	result/homeo_answer.tsv	344850	28180	269	PDBTrRosetta	16	4	0	316401	28180	269	0.0000	0.0000	0.9175	NaN
scop_benchmark/ver2_08/pdbtr/merged	result/scope_homeo/homeo_result_d1ui5a1_0.6_46.tsv	result/homeo_answer.tsv	344850	59736	269	PDBTrRosetta	16	4	5	284850	59731	264	0.0001	0.0186	0.8260	0.0002
scop_benchmark/ver2_08/pdbtr/merged	result/scope_homeo/homeo_result_d1ui5a1_0.8_17.tsv	result/homeo_answer.tsv	344850	41084	269	PDBTrRosetta	16	4	1	303498	41083	268	0.0000	0.0037	0.8801	0.0000
scop_benchmark/ver2_08/pdbtr/merged	result/scope_homeo/homeo_result_d1ui5a1_0.8_14.tsv	result/homeo_answer.tsv	344850	56215	269	PDBTrRosetta	16	4	4	288370	56211	265	0.0001	0.0149	0.8362	0.0001
scop_benchmark/ver2_08/pdbtr/merged	result/scope_homeo/homeo_result_d1ui5a1_0.8_16.tsv	result/homeo_answer.tsv	344850	57486	269	PDBTrRosetta	16	4	0	287095	57486	269	0.0000	0.0000	0.8325	NaN
scop_benchmark/ver2_08/pdbtr/merged	result/scope_homeo/homeo_result_d1ui5b1_0.2_0.tsv	result/homeo_answer.tsv	344850	1150	269	PDBTrRosetta	16	4	0	343431	1150	269	0.0000	0.0000	0.9959	NaN
scop_benchmark/ver2_08/pdbtr/merged	result/scope_homeo/homeo_result_d1ui5a1_0.8_48.tsv	result/homeo_answer.tsv	344850	12328	269	PDBTrRosetta	16	4	0	332253	12328	269	0.0000	0.0000	0.9635	NaN
scop_benchmark/ver2_08/pdbtr/merged	result/scope_homeo/homeo_result_d1ui5b1_0.05_0.tsv	result/homeo_answer.tsv	344850	0	269	PDBTrRosetta	16	4	0	344581	0	269	NaN	0.0000	0.9992	NaN
scop_benchmark/ver2_08/pdbtr/merged	result/scope_homeo/homeo_result_d1ui5a1_0.8_22.tsv	result/homeo_answer.tsv	344850	55749	269	PDBTrRosetta	16	4	6	288838	55743	263	0.0001	0.0223	0.8376	0.0002
scop_benchmark/ver2_08/pdbtr/merged	result/scope_homeo/homeo_result_d1ui5a1_0.8_41.tsv	result/homeo_answer.tsv	344850	32313	269	PDBTrRosetta	16	4	4	312272	32309	265	0.0001	0.0149	0.9055	0.0002
scop_benchmark/ver2_08/pdbtr/merged	result/scope_homeo/homeo_result_d1ui5a1_0.8_40.tsv	result/homeo_answer.tsv	344850	20094	269	PDBTrRosetta	16	4	1	324488	20093	268	0.0000	0.0037	0.9410	0.0001
scop_benchmark/ver2_08/pdbtr/merged	result/scope_homeo/homeo_result_d1ui5a1_0.8_38.tsv	result/homeo_answer.tsv	344850	16417	269	PDBTrRosetta	16	4	0	328164	16417	269	0.0000	0.0000	0.9516	NaN
scop_benchmark/ver2_08/pdbtr/merged	result/scope_homeo/homeo_result_d1ui5b1_0.1_1.tsv	result/homeo_answer.tsv	344850	36	269	PDBTrRosetta	16	4	4	344549	32	265	0.1111	0.0149	0.9991	0.0262
scop_benchmark/ver2_08/pdbtr/merged	result/scope_homeo/homeo_result_d1ui5a1_0.8_23.tsv	result/homeo_answer.tsv	344850	48214	269	PDBTrRosetta	16	4	4	296371	48210	265	0.0001	0.0149	0.8594	0.0002
scop_benchmark/ver2_08/pdbtr/merged	result/scope_homeo/homeo_result_d1ui5a1_0.8_44.tsv	result/homeo_answer.tsv	344850	12550	269	PDBTrRosetta	16	4	0	332031	12550	269	0.0000	0.0000	0.9628	NaN
scop_benchmark/ver2_08/pdbtr/merged	result/scope_homeo/homeo_result_d1ui5a1_0.8_42.tsv	result/homeo_answer.tsv	344850	14675	269	PDBTrRosetta	16	4	1	329907	14674	268	0.0001	0.0037	0.9567	0.0001
scop_benchmark/ver2_08/pdbtr/merged	result/scope_homeo/homeo_result_d1ui5a1_0.8_13.tsv	result/homeo_answer.tsv	344850	54442	269	PDBTrRosetta	16	4	6	290145	54436	263	0.0001	0.0223	0.8414	0.0002
scop_benchmark/ver2_08/pdbtr/merged	result/scope_homeo/homeo_result_d1ui5a1_0.8_27.tsv	result/homeo_answer.tsv	344850	55617	269	PDBTrRosetta	16	4	4	288968	55613	265	0.0001	0.0149	0.8380	0.0001
scop_benchmark/ver2_08/pdbtr/merged	result/scope_homeo/homeo_result_d1ui5b1_0.05_2.tsv	result/homeo_answer.tsv	344850	3758	269	PDBTrRosetta	16	4	6	340829	3752	263	0.0016	0.0223	0.9884	0.0030
scop_benchmark/ver2_08/pdbtr/merged	result/scope_homeo/homeo_result_d1ui5b1_0.4_0.tsv	result/homeo_answer.tsv	344850	3900	269	PDBTrRosetta	16	4	0	340681	3900	269	0.0000	0.0000	0.9879	NaN
scop_benchmark/ver2_08/pdbtr/merged	result/scope_homeo/homeo_result_d1ui5a1_0.8_37.tsv	result/homeo_answer.tsv	344850	30412	269	PDBTrRosetta	16	4	0	314169	30412	269	0.0000	0.0000	0.9110	NaN
scop_benchmark/ver2_08/pdbtr/merged	result/scope_homeo/homeo_result_d1ui5b1_0.1_2.tsv	result/homeo_answer.tsv	344850	252	269	PDBTrRosetta	16	4	3	344332	249	266	0.0119	0.0112	0.9985	0.0115
scop_benchmark/ver2_08/pdbtr/merged	result/scope_homeo/homeo_result_d1ui5a1_0.8_49.tsv	result/homeo_answer.tsv	344850	21494	269	PDBTrRosetta	16	4	4	323091	21490	265	0.0002	0.0149	0.9369	0.0004
scop_benchmark/ver2_08/pdbtr/merged	result/scope_homeo/homeo_result_d1ui5a1_0.8_24.tsv	result/homeo_answer.tsv	344850	44872	269	PDBTrRosetta	16	4	4	299713	44868	265	0.0001	0.0149	0.8691	0.0002
scop_benchmark/ver2_08/pdbtr/merged	result/scope_homeo/homeo_result_d1ui5a1_0.8_11.tsv	result/homeo_answer.tsv	344850	77325	269	PDBTrRosetta	16	4	9	267265	77316	260	0.0001	0.0335	0.7750	0.0002
scop_benchmark/ver2_08/pdbtr/merged	result/scope_homeo/homeo_result_d1ui5b1_0.2_2.tsv	result/homeo_answer.tsv	344850	1471	269	PDBTrRosetta	16	4	0	343110	1471	269	0.0000	0.0000	0.9950	NaN
scop_benchmark/ver2_08/pdbtr/merged	result/scope_homeo/homeo_result_d1ui5a1_0.8_39.tsv	result/homeo_answer.tsv	344850	41070	269	PDBTrRosetta	16	4	4	303515	41066	265	0.0001	0.0149	0.8801	0.0002
scop_benchmark/ver2_08/pdbtr/merged	result/scope_homeo/homeo_result_d1ui5b1_0.1_0.tsv	result/homeo_answer.tsv	344850	335	269	PDBTrRosetta	16	4	4	344250	331	265	0.0119	0.0149	0.9983	0.0132
scop_benchmark/ver2_08/pdbtr/merged	result/scope_homeo/homeo_result_d1ui5b1_0.05_1.tsv	result/homeo_answer.tsv	344850	139	269	PDBTrRosetta	16	4	4	344446	135	265	0.0288	0.0149	0.9988	0.0196
scop_benchmark/ver2_08/pdbtr/merged	result/scope_homeo/homeo_result_d1ui5a1_0.8_32.tsv	result/homeo_answer.tsv	344850	44303	269	PDBTrRosetta	16	4	4	300282	44299	265	0.0001	0.0149	0.8708	0.0002
scop_benchmark/ver2_08/pdbtr/merged	result/scope_homeo/homeo_result_d1ui5a1_0.8_45.tsv	result/homeo_answer.tsv	344850	48285	269	PDBTrRosetta	16	4	7	296303	48278	262	0.0001	0.0260	0.8592	0.0003
scop_benchmark/ver2_08/pdbtr/merged	result/scope_homeo/homeo_result_d1ui5b1_0.2_1.tsv	result/homeo_answer.tsv	344850	3328	269	PDBTrRosetta	16	4	4	341257	3324	265	0.0012	0.0149	0.9896	0.0022
scop_benchmark/ver2_08/pdbtr/merged	result/scope_homeo/homeo_result_d1ui5b1_0.6_0.tsv	result/homeo_answer.tsv	344850	6701	269	PDBTrRosetta	16	4	0	337880	6701	269	0.0000	0.0000	0.9798	NaN
scop_benchmark/ver2_08/pdbtr/merged	result/scope_homeo/homeo_result_d1ui5a1_0.8_34.tsv	result/homeo_answer.tsv	344850	48468	269	PDBTrRosetta	16	4	0	296113	48468	269	0.0000	0.0000	0.8587	NaN
scop_benchmark/ver2_08/pdbtr/merged	result/scope_homeo/homeo_result_d1ui5a1_0.8_33.tsv	result/homeo_answer.tsv	344850	79244	269	PDBTrRosetta	16	4	4	265341	79240	265	0.0001	0.0149	0.7695	0.0001
scop_benchmark/ver2_08/pdbtr/merged	result/scope_homeo/homeo_result_d1ui5a1_0.8_4.tsv	result/homeo_answer.tsv	344850	48219	269	PDBTrRosetta	16	4	6	296368	48213	263	0.0001	0.0223	0.8594	0.0002
scop_benchmark/ver2_08/pdbtr/merged	result/scope_homeo/homeo_result_d1ui5a1_0.8_7.tsv	result/homeo_answer.tsv	344850	40430	269	PDBTrRosetta	16	4	5	304156	40425	264	0.0001	0.0186	0.8820	0.0002
scop_benchmark/ver2_08/pdbtr/merged	result/scope_homeo/homeo_result_d1ui5a1_0.8_47.tsv	result/homeo_answer.tsv	344850	49304	269	PDBTrRosetta	16	4	5	295282	49299	264	0.0001	0.0186	0.8563	0.0002
scop_benchmark/ver2_08/pdbtr/merged	result/scope_homeo/homeo_result_d1ui5a1_0.8_31.tsv	result/homeo_answer.tsv	344850	78315	269	PDBTrRosetta	16	4	4	266270	78311	265	0.0001	0.0149	0.7721	0.0001
scop_benchmark/ver2_08/pdbtr/merged	result/scope_homeo/homeo_result_d1ui5b1_0.8_0.tsv	result/homeo_answer.tsv	344850	14554	269	PDBTrRosetta	16	4	1	330028	14553	268	0.0001	0.0037	0.9570	0.0001
scop_benchmark/ver2_08/pdbtr/merged	result/scope_homeo/homeo_result_d1ui5a1_0.8_46.tsv	result/homeo_answer.tsv	344850	46103	269	PDBTrRosetta	16	4	5	298483	46098	264	0.0001	0.0186	0.8656	0.0002
scop_benchmark/ver2_08/pdbtr/merged	result/scope_homeo/homeo_result_d1ui5a1_0.8_6.tsv	result/homeo_answer.tsv	344850	33636	269	PDBTrRosetta	16	4	0	310945	33636	269	0.0000	0.0000	0.9017	NaN
scop_benchmark/ver2_08/pdbtr/merged	result/scope_homeo/homeo_result_d1ui6a1_0.05_1.tsv	result/homeo_answer.tsv	344850	0	269	PDBTrRosetta	16	4	0	344581	0	269	NaN	0.0000	0.9992	NaN
scop_benchmark/ver2_08/pdbtr/merged	result/scope_homeo/homeo_result_d1ui5a1_0.8_9.tsv	result/homeo_answer.tsv	344850	31856	269	PDBTrRosetta	16	4	1	312726	31855	268	0.0000	0.0037	0.9068	0.0001
scop_benchmark/ver2_08/pdbtr/merged	result/scope_homeo/homeo_result_d1ui5a1_0.8_35.tsv	result/homeo_answer.tsv	344850	87552	269	PDBTrRosetta	16	4	10	257039	87542	259	0.0001	0.0372	0.7454	0.0002
scop_benchmark/ver2_08/pdbtr/merged	result/scope_homeo/homeo_result_d1ui5a1_0.8_43.tsv	result/homeo_answer.tsv	344850	48290	269	PDBTrRosetta	16	4	0	296291	48290	269	0.0000	0.0000	0.8592	NaN
scop_benchmark/ver2_08/pdbtr/merged	result/scope_homeo/homeo_result_d1ui5a1_0.8_3.tsv	result/homeo_answer.tsv	344850	82639	269	PDBTrRosetta	16	4	7	261949	82632	262	0.0001	0.0260	0.7596	0.0002
scop_benchmark/ver2_08/pdbtr/merged	result/scope_homeo/homeo_result_d1ui6a1_0.2_1.tsv	result/homeo_answer.tsv	344850	1170	269	PDBTrRosetta	16	4	4	343415	1166	265	0.0034	0.0149	0.9959	0.0056
scop_benchmark/ver2_08/pdbtr/merged	result/scope_homeo/homeo_result_d1ui5b1_0.6_2.tsv	result/homeo_answer.tsv	344850	2213	269	PDBTrRosetta	16	4	0	342368	2213	269	0.0000	0.0000	0.9928	NaN
scop_benchmark/ver2_08/pdbtr/merged	result/scope_homeo/homeo_result_d1ui6b1_0.1_0.tsv	result/homeo_answer.tsv	344850	721	269	PDBTrRosetta	16	4	2	343862	719	267	0.0028	0.0074	0.9971	0.0040
scop_benchmark/ver2_08/pdbtr/merged	result/scope_homeo/homeo_result_d1ui6a1_0.05_0.tsv	result/homeo_answer.tsv	344850	0	269	PDBTrRosetta	16	4	0	344581	0	269	NaN	0.0000	0.9992	NaN
scop_benchmark/ver2_08/pdbtr/merged	result/scope_homeo/homeo_result_d1ui6a1_0.1_0.tsv	result/homeo_answer.tsv	344850	450	269	PDBTrRosetta	16	4	4	344135	446	265	0.0089	0.0149	0.9979	0.0111
scop_benchmark/ver2_08/pdbtr/merged	result/scope_homeo/homeo_result_d1ui5b1_0.6_1.tsv	result/homeo_answer.tsv	344850	10564	269	PDBTrRosetta	16	4	7	334024	10557	262	0.0007	0.0260	0.9686	0.0013
scop_benchmark/ver2_08/pdbtr/merged	result/scope_homeo/homeo_result_d1ui5a1_0.8_5.tsv	result/homeo_answer.tsv	344850	67399	269	PDBTrRosetta	16	4	4	277186	67395	265	0.0001	0.0149	0.8038	0.0001
scop_benchmark/ver2_08/pdbtr/merged	result/scope_homeo/homeo_result_d1ui5b1_0.4_1.tsv	result/homeo_answer.tsv	344850	10230	269	PDBTrRosetta	16	4	4	334355	10226	265	0.0004	0.0149	0.9696	0.0008
scop_benchmark/ver2_08/pdbtr/merged	result/scope_homeo/homeo_result_d1ui6a1_0.2_0.tsv	result/homeo_answer.tsv	344850	1982	269	PDBTrRosetta	16	4	5	342604	1977	264	0.0025	0.0186	0.9935	0.0044
scop_benchmark/ver2_08/pdbtr/merged	result/scope_homeo/homeo_result_d1ui6a1_0.1_2.tsv	result/homeo_answer.tsv	344850	1956	269	PDBTrRosetta	16	4	4	342629	1952	265	0.0020	0.0149	0.9936	0.0036
scop_benchmark/ver2_08/pdbtr/merged	result/scope_homeo/homeo_result_d1ui6b1_0.2_1.tsv	result/homeo_answer.tsv	344850	304	269	PDBTrRosetta	16	4	4	344281	300	265	0.0132	0.0149	0.9984	0.0140
scop_benchmark/ver2_08/pdbtr/merged	result/scope_homeo/homeo_result_d1ui5b1_0.8_1.tsv	result/homeo_answer.tsv	344850	15946	269	PDBTrRosetta	16	4	0	328635	15946	269	0.0000	0.0000	0.9530	NaN
scop_benchmark/ver2_08/pdbtr/merged	result/scope_homeo/homeo_result_d1ui6a1_0.6_0.tsv	result/homeo_answer.tsv	344850	7588	269	PDBTrRosetta	16	4	0	336993	7588	269	0.0000	0.0000	0.9772	NaN
scop_benchmark/ver2_08/pdbtr/merged	result/scope_homeo/homeo_result_d1ui6b1_0.1_2.tsv	result/homeo_answer.tsv	344850	1065	269	PDBTrRosetta	16	4	20	343536	1045	249	0.0188	0.0743	0.9962	0.0300
scop_benchmark/ver2_08/pdbtr/merged	result/scope_homeo/homeo_result_d1ui6a1_0.4_1.tsv	result/homeo_answer.tsv	344850	7162	269	PDBTrRosetta	16	4	0	337419	7162	269	0.0000	0.0000	0.9785	NaN
scop_benchmark/ver2_08/pdbtr/merged	result/scope_homeo/homeo_result_d1ui6a1_0.2_2.tsv	result/homeo_answer.tsv	344850	1479	269	PDBTrRosetta	16	4	5	343107	1474	264	0.0034	0.0186	0.9950	0.0057
scop_benchmark/ver2_08/pdbtr/merged	result/scope_homeo/homeo_result_d1ui6b1_0.05_1.tsv	result/homeo_answer.tsv	344850	11108	269	PDBTrRosetta	16	4	5	333478	11103	264	0.0005	0.0186	0.9670	0.0009
scop_benchmark/ver2_08/pdbtr/merged	result/scope_homeo/homeo_result_d1ui6a1_0.05_2.tsv	result/homeo_answer.tsv	344850	4361	269	PDBTrRosetta	16	4	5	340225	4356	264	0.0011	0.0186	0.9866	0.0022
scop_benchmark/ver2_08/pdbtr/merged	result/scope_homeo/homeo_result_d1ui6a1_0.4_2.tsv	result/homeo_answer.tsv	344850	15790	269	PDBTrRosetta	16	4	0	328791	15790	269	0.0000	0.0000	0.9534	NaN
scop_benchmark/ver2_08/pdbtr/merged	result/scope_homeo/homeo_result_d1ui6a1_0.1_1.tsv	result/homeo_answer.tsv	344850	685	269	PDBTrRosetta	16	4	4	343900	681	265	0.0058	0.0149	0.9973	0.0084
scop_benchmark/ver2_08/pdbtr/merged	result/scope_homeo/homeo_result_d1ui6b1_0.4_2.tsv	result/homeo_answer.tsv	344850	7445	269	PDBTrRosetta	16	4	4	337140	7441	265	0.0005	0.0149	0.9777	0.0010
scop_benchmark/ver2_08/pdbtr/merged	result/scope_homeo/homeo_result_d5myna1_0.1_0.tsv	result/homeo_answer.tsv	344850	1011	269	PDBTrRosetta	16	4	42	343612	969	227	0.0415	0.1561	0.9965	0.0656
scop_benchmark/ver2_08/pdbtr/merged	result/scope_homeo/homeo_result_d1ui6b1_0.05_0.tsv	result/homeo_answer.tsv	344850	6	269	PDBTrRosetta	16	4	1	344576	5	268	0.1667	0.0037	0.9992	0.0073
scop_benchmark/ver2_08/pdbtr/merged	result/scope_homeo/homeo_result_d1ui6b1_0.05_2.tsv	result/homeo_answer.tsv	344850	137	269	PDBTrRosetta	16	4	1	344445	136	268	0.0073	0.0037	0.9988	0.0049
scop_benchmark/ver2_08/pdbtr/merged	result/scope_homeo/homeo_result_d1ui6a1_0.8_0.tsv	result/homeo_answer.tsv	344850	18987	269	PDBTrRosetta	16	4	2	325596	18985	267	0.0001	0.0074	0.9442	0.0002
scop_benchmark/ver2_08/pdbtr/merged	result/scope_homeo/homeo_result_d5myna1_0.2_1.tsv	result/homeo_answer.tsv	344850	2857	269	PDBTrRosetta	16	4	47	341771	2810	222	0.0165	0.1747	0.9912	0.0301
scop_benchmark/ver2_08/pdbtr/merged	result/scope_homeo/homeo_result_d1ui6a1_0.8_2.tsv	result/homeo_answer.tsv	344850	18407	269	PDBTrRosetta	16	4	0	326174	18407	269	0.0000	0.0000	0.9458	NaN
scop_benchmark/ver2_08/pdbtr/merged	result/scope_homeo/homeo_result_d5myna1_0.05_0.tsv	result/homeo_answer.tsv	344850	0	269	PDBTrRosetta	16	4	0	344581	0	269	NaN	0.0000	0.9992	NaN
scop_benchmark/ver2_08/pdbtr/merged	result/scope_homeo/homeo_result_d1ui6b1_0.6_2.tsv	result/homeo_answer.tsv	344850	16656	269	PDBTrRosetta	16	4	4	327929	16652	265	0.0002	0.0149	0.9509	0.0005
scop_benchmark/ver2_08/pdbtr/merged	result/scope_homeo/homeo_result_d1ui6b1_0.4_1.tsv	result/homeo_answer.tsv	344850	22074	269	PDBTrRosetta	16	4	4	322511	22070	265	0.0002	0.0149	0.9352	0.0004
scop_benchmark/ver2_08/pdbtr/merged	result/scope_homeo/homeo_result_d1ui6b1_0.4_0.tsv	result/homeo_answer.tsv	344850	10539	269	PDBTrRosetta	16	4	4	334046	10535	265	0.0004	0.0149	0.9687	0.0007
scop_benchmark/ver2_08/pdbtr/merged	result/scope_homeo/homeo_result_d1ui6a1_0.8_1.tsv	result/homeo_answer.tsv	344850	16708	269	PDBTrRosetta	16	4	7	327880	16701	262	0.0004	0.0260	0.9508	0.0008
scop_benchmark/ver2_08/pdbtr/merged	result/scope_homeo/homeo_result_d5myna1_0.4_0.tsv	result/homeo_answer.tsv	344850	11441	269	PDBTrRosetta	16	4	44	333184	11397	225	0.0038	0.1636	0.9663	0.0075
scop_benchmark/ver2_08/pdbtr/merged	result/scope_homeo/homeo_result_d1ui6b1_0.6_0.tsv	result/homeo_answer.tsv	344850	17244	269	PDBTrRosetta	16	4	4	327341	17240	265	0.0002	0.0149	0.9492	0.0005
scop_benchmark/ver2_08/pdbtr/merged	result/scope_homeo/homeo_result_d1ui6b1_0.1_1.tsv	result/homeo_answer.tsv	344850	1337	269	PDBTrRosetta	16	4	4	343248	1333	265	0.0030	0.0149	0.9954	0.0050
scop_benchmark/ver2_08/pdbtr/merged	result/scope_homeo/homeo_result_d1ui5a1_0.8_8.tsv	result/homeo_answer.tsv	344850	73099	269	PDBTrRosetta	16	4	9	271491	73090	260	0.0001	0.0335	0.7873	0.0002
scop_benchmark/ver2_08/pdbtr/merged	result/scope_homeo/homeo_result_d5nima1_0.05_0.tsv	result/homeo_answer.tsv	344850	0	269	PDBTrRosetta	16	4	0	344581	0	269	NaN	0.0000	0.9992	NaN
scop_benchmark/ver2_08/pdbtr/merged	result/scope_homeo/homeo_result_d1ui5b1_0.4_2.tsv	result/homeo_answer.tsv	344850	7296	269	PDBTrRosetta	16	4	4	337289	7292	265	0.0005	0.0149	0.9781	0.0011
scop_benchmark/ver2_08/pdbtr/merged	result/scope_homeo/homeo_result_d1ui6b1_0.2_0.tsv	result/homeo_answer.tsv	344850	441	269	PDBTrRosetta	16	4	4	344144	437	265	0.0091	0.0149	0.9980	0.0113
scop_benchmark/ver2_08/pdbtr/merged	result/scope_homeo/homeo_result_d5nima1_0.05_1.tsv	result/homeo_answer.tsv	344850	118	269	PDBTrRosetta	16	4	7	344470	111	262	0.0593	0.0260	0.9989	0.0362
scop_benchmark/ver2_08/pdbtr/merged	result/scope_homeo/homeo_result_d5nima1_0.1_1.tsv	result/homeo_answer.tsv	344850	3030	269	PDBTrRosetta	16	4	47	341598	2983	222	0.0155	0.1747	0.9907	0.0285
scop_benchmark/ver2_08/pdbtr/merged	result/scope_homeo/homeo_result_d5myna1_0.1_1.tsv	result/homeo_answer.tsv	344850	1347	269	PDBTrRosetta	16	4	46	343280	1301	223	0.0341	0.1710	0.9956	0.0569
scop_benchmark/ver2_08/pdbtr/merged	result/scope_homeo/homeo_result_d5myna1_0.2_0.tsv	result/homeo_answer.tsv	344850	294	269	PDBTrRosetta	16	4	43	344330	251	226	0.1463	0.1599	0.9986	0.1528
scop_benchmark/ver2_08/pdbtr/merged	result/scope_homeo/homeo_result_d5nima1_0.05_2.tsv	result/homeo_answer.tsv	344850	394	269	PDBTrRosetta	16	4	42	344229	352	227	0.1066	0.1561	0.9983	0.1267
scop_benchmark/ver2_08/pdbtr/merged	result/scope_homeo/homeo_result_d5myna1_0.05_2.tsv	result/homeo_answer.tsv	344850	141	269	PDBTrRosetta	16	4	34	344474	107	235	0.2411	0.1264	0.9990	0.1659
scop_benchmark/ver2_08/pdbtr/merged	result/scope_homeo/homeo_result_d1ui6a1_0.6_1.tsv	result/homeo_answer.tsv	344850	14453	269	PDBTrRosetta	16	4	1	330129	14452	268	0.0001	0.0037	0.9573	0.0001
scop_benchmark/ver2_08/pdbtr/merged	result/scope_homeo/homeo_result_d1ui6b1_0.2_2.tsv	result/homeo_answer.tsv	344850	1386	269	PDBTrRosetta	16	4	4	343199	1382	265	0.0029	0.0149	0.9952	0.0048
scop_benchmark/ver2_08/pdbtr/merged	result/scope_homeo/homeo_result_d5myna1_0.05_1.tsv	result/homeo_answer.tsv	344850	224	269	PDBTrRosetta	16	4	39	344396	185	230	0.1741	0.1450	0.9988	0.1582
scop_benchmark/ver2_08/pdbtr/merged	result/scope_homeo/homeo_result_d1ui6b1_0.8_0.tsv	result/homeo_answer.tsv	344850	4102	269	PDBTrRosetta	16	4	0	340479	4102	269	0.0000	0.0000	0.9873	NaN
scop_benchmark/ver2_08/pdbtr/merged	result/scope_homeo/homeo_result_d5myna1_0.1_2.tsv	result/homeo_answer.tsv	344850	7135	269	PDBTrRosetta	16	4	48	337494	7087	221	0.0067	0.1784	0.9788	0.0130
scop_benchmark/ver2_08/pdbtr/merged	result/scope_homeo/homeo_result_d5myna1_0.4_1.tsv	result/homeo_answer.tsv	344850	14700	269	PDBTrRosetta	16	4	43	329924	14657	226	0.0029	0.1599	0.9568	0.0057
scop_benchmark/ver2_08/pdbtr/merged	result/scope_homeo/homeo_result_d5nima1_0.2_0.tsv	result/homeo_answer.tsv	344850	203	269	PDBTrRosetta	16	4	31	344409	172	238	0.1527	0.1152	0.9988	0.1314
scop_benchmark/ver2_08/pdbtr/merged	result/scope_homeo/homeo_result_d5myna1_0.2_2.tsv	result/homeo_answer.tsv	344850	2488	269	PDBTrRosetta	16	4	48	342141	2440	221	0.0193	0.1784	0.9923	0.0348
scop_benchmark/ver2_08/pdbtr/merged	result/scope_homeo/homeo_result_d5nima1_0.1_0.tsv	result/homeo_answer.tsv	344850	248	269	PDBTrRosetta	16	4	25	344358	223	244	0.1008	0.0929	0.9986	0.0967
scop_benchmark/ver2_08/pdbtr/merged	result/scope_homeo/homeo_result_d5nima1_0.1_2.tsv	result/homeo_answer.tsv	344850	123	269	PDBTrRosetta	16	4	11	344469	112	258	0.0894	0.0409	0.9989	0.0561
scop_benchmark/ver2_08/pdbtr/merged	result/scope_homeo/homeo_result_d1ui6a1_0.4_0.tsv	result/homeo_answer.tsv	344850	8692	269	PDBTrRosetta	16	4	0	335889	8692	269	0.0000	0.0000	0.9740	NaN
scop_benchmark/ver2_08/pdbtr/merged	result/scope_homeo/homeo_result_d5nima1_0.2_2.tsv	result/homeo_answer.tsv	344850	1824	269	PDBTrRosetta	16	4	47	342804	1777	222	0.0258	0.1747	0.9942	0.0449
scop_benchmark/ver2_08/pdbtr/merged	result/scope_homeo/homeo_result_d5nima1_0.2_1.tsv	result/homeo_answer.tsv	344850	5457	269	PDBTrRosetta	16	4	43	339167	5414	226	0.0079	0.1599	0.9836	0.0150
scop_benchmark/ver2_08/pdbtr/merged	result/scope_homeo/homeo_result_d1ui6b1_0.8_2.tsv	result/homeo_answer.tsv	344850	16743	269	PDBTrRosetta	16	4	0	327838	16743	269	0.0000	0.0000	0.9507	NaN
scop_benchmark/ver2_08/pdbtr/merged	result/scope_homeo/homeo_result_d5nima1_0.4_2.tsv	result/homeo_answer.tsv	344850	8590	269	PDBTrRosetta	16	4	43	336034	8547	226	0.0050	0.1599	0.9746	0.0097
scop_benchmark/ver2_08/pdbtr/merged	result/scope_homeo/homeo_result_d5nioa1_0.05_1.tsv	result/homeo_answer.tsv	344850	886	269	PDBTrRosetta	16	4	39	343734	847	230	0.0440	0.1450	0.9969	0.0675
scop_benchmark/ver2_08/pdbtr/merged	result/scope_homeo/homeo_result_d1ui6b1_0.8_1.tsv	result/homeo_answer.tsv	344850	14507	269	PDBTrRosetta	16	4	1	330075	14506	268	0.0001	0.0037	0.9572	0.0001
scop_benchmark/ver2_08/pdbtr/merged	result/scope_homeo/homeo_result_d1ui6b1_0.6_1.tsv	result/homeo_answer.tsv	344850	37172	269	PDBTrRosetta	16	4	5	307414	37167	264	0.0001	0.0186	0.8915	0.0003
scop_benchmark/ver2_08/pdbtr/merged	result/scope_homeo/homeo_result_d5nioa1_0.05_0.tsv	result/homeo_answer.tsv	344850	0	269	PDBTrRosetta	16	4	0	344581	0	269	NaN	0.0000	0.9992	NaN
scop_benchmark/ver2_08/pdbtr/merged	result/scope_homeo/homeo_result_d5myna1_0.8_0.tsv	result/homeo_answer.tsv	344850	17765	269	PDBTrRosetta	16	4	18	326834	17747	251	0.0010	0.0669	0.9478	0.0020
scop_benchmark/ver2_08/pdbtr/merged	result/scope_homeo/homeo_result_d5myna1_0.8_1.tsv	result/homeo_answer.tsv	344850	16869	269	PDBTrRosetta	16	4	18	327730	16851	251	0.0011	0.0669	0.9504	0.0021
scop_benchmark/ver2_08/pdbtr/merged	result/scope_homeo/homeo_result_d5nima1_0.8_0.tsv	result/homeo_answer.tsv	344850	16891	269	PDBTrRosetta	16	4	5	327695	16886	264	0.0003	0.0186	0.9503	0.0006
scop_benchmark/ver2_08/pdbtr/merged	result/scope_homeo/homeo_result_d5nima1_0.6_0.tsv	result/homeo_answer.tsv	344850	12291	269	PDBTrRosetta	16	4	5	332295	12286	264	0.0004	0.0186	0.9636	0.0008
scop_benchmark/ver2_08/pdbtr/merged	result/scope_homeo/homeo_result_d5nima1_0.8_1.tsv	result/homeo_answer.tsv	344850	14233	269	PDBTrRosetta	16	4	4	330352	14229	265	0.0003	0.0149	0.9580	0.0006
scop_benchmark/ver2_08/pdbtr/merged	result/scope_homeo/homeo_result_d5nima1_0.4_0.tsv	result/homeo_answer.tsv	344850	19739	269	PDBTrRosetta	16	4	23	324865	19716	246	0.0012	0.0855	0.9421	0.0023
scop_benchmark/ver2_08/pdbtr/merged	result/scope_homeo/homeo_result_d5nima1_0.8_2.tsv	result/homeo_answer.tsv	344850	20102	269	PDBTrRosetta	16	4	1	324480	20101	268	0.0000	0.0037	0.9409	0.0001
scop_benchmark/ver2_08/pdbtr/merged	result/scope_homeo/homeo_result_d5nioa1_0.05_2.tsv	result/homeo_answer.tsv	344850	47	269	PDBTrRosetta	16	4	18	344552	29	251	0.3830	0.0669	0.9992	0.1139
scop_benchmark/ver2_08/pdbtr/merged	result/scope_homeo/homeo_result_d5nima1_0.4_1.tsv	result/homeo_answer.tsv	344850	10376	269	PDBTrRosetta	16	4	31	334236	10345	238	0.0030	0.1152	0.9693	0.0058
scop_benchmark/ver2_08/pdbtr/merged	result/scope_homeo/homeo_result_d5myna1_0.8_2.tsv	result/homeo_answer.tsv	344850	17896	269	PDBTrRosetta	16	4	14	326699	17882	255	0.0008	0.0520	0.9474	0.0015
scop_benchmark/ver2_08/pdbtr/merged	result/scope_homeo/homeo_result_d5nima1_0.6_1.tsv	result/homeo_answer.tsv	344850	18294	269	PDBTrRosetta	16	4	32	326319	18262	237	0.0017	0.1190	0.9464	0.0034
scop_benchmark/ver2_08/pdbtr/merged	result/scope_homeo/homeo_result_d5nioa1_0.1_1.tsv	result/homeo_answer.tsv	344850	100	269	PDBTrRosetta	16	4	2	344483	98	267	0.0200	0.0074	0.9989	0.0108
scop_benchmark/ver2_08/pdbtr/merged	result/scope_homeo/homeo_result_d5nioa1_0.4_1.tsv	result/homeo_answer.tsv	344850	6235	269	PDBTrRosetta	16	4	31	338377	6204	238	0.0050	0.1152	0.9813	0.0095
scop_benchmark/ver2_08/pdbtr/merged	result/scope_homeo/homeo_result_d5nioa1_0.1_2.tsv	result/homeo_answer.tsv	344850	147	269	PDBTrRosetta	16	4	46	344480	101	223	0.3129	0.1710	0.9991	0.2212
scop_benchmark/ver2_08/pdbtr/merged	result/scope_homeo/homeo_result_d5nioa1_0.1_0.tsv	result/homeo_answer.tsv	344850	115	269	PDBTrRosetta	16	4	44	344510	71	225	0.3826	0.1636	0.9991	0.2292
scop_benchmark/ver2_08/pdbtr/merged	result/scope_homeo/homeo_result_d5nioa1_0.2_0.tsv	result/homeo_answer.tsv	344850	1178	269	PDBTrRosetta	16	4	31	343434	1147	238	0.0263	0.1152	0.9960	0.0428
scop_benchmark/ver2_08/pdbtr/merged	result/scope_homeo/homeo_result_d5nioa1_0.2_2.tsv	result/homeo_answer.tsv	344850	626	269	PDBTrRosetta	16	4	46	344001	580	223	0.0735	0.1710	0.9977	0.1028
scop_benchmark/ver2_08/pdbtr/merged	result/scope_homeo/homeo_result_d5nioa1_0.2_1.tsv	result/homeo_answer.tsv	344850	560	269	PDBTrRosetta	16	4	46	344067	514	223	0.0821	0.1710	0.9979	0.1110
scop_benchmark/ver2_08/pdbtr/merged	result/scope_homeo/homeo_result_d5nioa1_0.4_0.tsv	result/homeo_answer.tsv	344850	11957	269	PDBTrRosetta	16	4	30	332654	11927	239	0.0025	0.1115	0.9647	0.0049
scop_benchmark/ver2_08/pdbtr/merged	result/scope_homeo/homeo_result_d5nioa1_0.6_1.tsv	result/homeo_answer.tsv	344850	16388	269	PDBTrRosetta	16	4	12	328205	16376	257	0.0007	0.0446	0.9518	0.0014
scop_benchmark/ver2_08/pdbtr/merged	result/scope_homeo/homeo_result_d5nioa1_0.8_0.tsv	result/homeo_answer.tsv	344850	14859	269	PDBTrRosetta	16	4	11	329733	14848	258	0.0007	0.0409	0.9562	0.0015
scop_benchmark/ver2_08/pdbtr/merged	result/scope_homeo/homeo_result_d5nioa1_0.6_2.tsv	result/homeo_answer.tsv	344850	36888	269	PDBTrRosetta	16	4	36	307729	36852	233	0.0010	0.1338	0.8925	0.0019
scop_benchmark/ver2_08/pdbtr/merged	result/scope_homeo/homeo_result_d1ui5b1_0.8_2.tsv	result/homeo_answer.tsv	344850	13684	269	PDBTrRosetta	16	4	0	330897	13684	269	0.0000	0.0000	0.9595	NaN
scop_benchmark/ver2_08/pdbtr/merged	result/scope_homeo/homeo_result_d1ui6a1_0.6_2.tsv	result/homeo_answer.tsv	344850	21883	269	PDBTrRosetta	16	4	2	322700	21881	267	0.0001	0.0074	0.9358	0.0002
scop_benchmark/ver2_08/pdbtr/merged	result/scope_homeo/homeo_result_d5myna1_0.4_2.tsv	result/homeo_answer.tsv	344850	18389	269	PDBTrRosetta	16	4	48	326240	18341	221	0.0026	0.1784	0.9462	0.0051
scop_benchmark/ver2_08/pdbtr/merged	result/scope_homeo/homeo_result_d5nioa1_0.4_2.tsv	result/homeo_answer.tsv	344850	13414	269	PDBTrRosetta	16	4	36	331203	13378	233	0.0027	0.1338	0.9605	0.0053
scop_benchmark/ver2_08/pdbtr/merged	result/scope_homeo/homeo_result_d5nioa1_0.6_0.tsv	result/homeo_answer.tsv	344850	9249	269	PDBTrRosetta	16	4	11	335343	9238	258	0.0012	0.0409	0.9725	0.0023
scop_benchmark/ver2_08/pdbtr/merged	result/scope_homeo/homeo_result_d5myna1_0.6_0.tsv	result/homeo_answer.tsv	344850	19568	269	PDBTrRosetta	16	4	22	325035	19546	247	0.0011	0.0818	0.9426	0.0022
scop_benchmark/ver2_08/pdbtr/merged	result/scope_homeo/homeo_result_d5nioa1_0.8_1.tsv	result/homeo_answer.tsv	344850	13535	269	PDBTrRosetta	16	4	11	331057	13524	258	0.0008	0.0409	0.9600	0.0016
scop_benchmark/ver2_08/pdbtr/merged	result/scope_homeo/homeo_result_d5nioa1_0.8_2.tsv	result/homeo_answer.tsv	344850	16990	269	PDBTrRosetta	16	4	18	327609	16972	251	0.0011	0.0669	0.9501	0.0021
scop_benchmark/ver2_08/pdbtr/merged	result/scope_homeo/homeo_result_d5nima1_0.6_2.tsv	result/homeo_answer.tsv	344850	31494	269	PDBTrRosetta	16	4	32	313119	31462	237	0.0010	0.1190	0.9081	0.0020
scop_benchmark/ver2_08/pdbtr/merged	result/scope_homeo/homeo_result_d5myna1_0.6_1.tsv	result/homeo_answer.tsv	344850	28589	269	PDBTrRosetta	16	4	35	316027	28554	234	0.0012	0.1301	0.9165	0.0024
scop_benchmark/ver2_08/pdbtr/merged	result/scope_homeo/homeo_result_d5myna1_0.6_2.tsv	result/homeo_answer.tsv	344850	48322	269	PDBTrRosetta	16	4	36	296295	48286	233	0.0007	0.1338	0.8593	0.0015
